"filename", "language", "JSON", "Markdown", "JSON with Comments", "TypeScript", "JavaScript", "Ignore", "HTML", "Docker", "Vue", "PostCSS", "SVG", "comment", "blank", "total"
"c:\dev\clashing_destiny_v2\Dockerfile", "Docker", 0, 0, 0, 0, 0, 0, 0, 16, 0, 0, 0, 0, 9, 25
"c:\dev\clashing_destiny_v2\README.md", "Markdown", 0, 53, 0, 0, 0, 0, 0, 0, 0, 0, 0, 0, 29, 82
"c:\dev\clashing_destiny_v2\configs\assetpack\assetpack.config.js", "JavaScript", 0, 0, 0, 0, 105, 0, 0, 0, 0, 0, 0, 1, 14, 120
"c:\dev\clashing_destiny_v2\configs\assetpack\package.json", "JSON", 20, 0, 0, 0, 0, 0, 0, 0, 0, 0, 0, 0, 1, 21
"c:\dev\clashing_destiny_v2\configs\eslint-config\package.json", "JSON", 19, 0, 0, 0, 0, 0, 0, 0, 0, 0, 0, 0, 1, 20
"c:\dev\clashing_destiny_v2\configs\eslint-config\vue.js", "JavaScript", 0, 0, 0, 0, 35, 0, 0, 0, 0, 0, 0, 0, 1, 36
"c:\dev\clashing_destiny_v2\configs\stylelint-config\index.cjs", "JavaScript", 0, 0, 0, 0, 43, 0, 0, 0, 0, 0, 0, 0, 1, 44
"c:\dev\clashing_destiny_v2\configs\stylelint-config\package.json", "JSON", 11, 0, 0, 0, 0, 0, 0, 0, 0, 0, 0, 0, 1, 12
"c:\dev\clashing_destiny_v2\configs\tsconfig\base.json", "JSON", 17, 0, 0, 0, 0, 0, 0, 0, 0, 0, 0, 0, 0, 17
"c:\dev\clashing_destiny_v2\configs\tsconfig\package.json", "JSON", 9, 0, 0, 0, 0, 0, 0, 0, 0, 0, 0, 0, 1, 10
"c:\dev\clashing_destiny_v2\configs\uno\package.json", "JSON", 15, 0, 0, 0, 0, 0, 0, 0, 0, 0, 0, 0, 1, 16
"c:\dev\clashing_destiny_v2\configs\uno\preset-open-props.ts", "TypeScript", 0, 0, 0, 321, 0, 0, 0, 0, 0, 0, 0, 9, 24, 354
"c:\dev\clashing_destiny_v2\configs\uno\uno.config.ts", "TypeScript", 0, 0, 0, 39, 0, 0, 0, 0, 0, 0, 0, 1, 4, 44
"c:\dev\clashing_destiny_v2\docs\AI_CODING_GUIDELINES.md", "Markdown", 0, 57, 0, 0, 0, 0, 0, 0, 0, 0, 0, 0, 25, 82
"c:\dev\clashing_destiny_v2\docs\DESIGN_AXIOMS.md", "Markdown", 0, 32, 0, 0, 0, 0, 0, 0, 0, 0, 0, 0, 17, 49
"c:\dev\clashing_destiny_v2\docs\DESIGN_DOCUMENT.md", "Markdown", 0, 74, 0, 0, 0, 0, 0, 0, 0, 0, 0, 0, 36, 110
"c:\dev\clashing_destiny_v2\docs\DESIGN_DOCUMENT_V2.md", "Markdown", 0, 99, 0, 0, 0, 0, 0, 0, 0, 0, 0, 0, 65, 164
"c:\dev\clashing_destiny_v2\package-lock.json", "JSON", 15427, 0, 0, 0, 0, 0, 0, 0, 0, 0, 0, 0, 1, 15428
"c:\dev\clashing_destiny_v2\package.json", "JSON", 23, 0, 0, 0, 0, 0, 0, 0, 0, 0, 0, 0, 1, 24
"c:\dev\clashing_destiny_v2\packages\api\.eslintrc.cjs", "JavaScript", 0, 0, 0, 0, 7, 0, 0, 0, 0, 0, 0, 0, 1, 8
"c:\dev\clashing_destiny_v2\packages\api\.prettierignore", "Ignore", 0, 0, 0, 0, 0, 3, 0, 0, 0, 0, 0, 0, 0, 3
"c:\dev\clashing_destiny_v2\packages\api\.prettierrc", "JSON", 9, 0, 0, 0, 0, 0, 0, 0, 0, 0, 0, 0, 1, 10
"c:\dev\clashing_destiny_v2\packages\api\README.md", "Markdown", 0, 1, 0, 0, 0, 0, 0, 0, 0, 0, 0, 0, 1, 2
"c:\dev\clashing_destiny_v2\packages\api\convex.json", "JSON", 3, 0, 0, 0, 0, 0, 0, 0, 0, 0, 0, 0, 1, 4
"c:\dev\clashing_destiny_v2\packages\api\package.json", "JSON", 33, 0, 0, 0, 0, 0, 0, 0, 0, 0, 0, 0, 1, 34
"c:\dev\clashing_destiny_v2\packages\api\src\convex\_generated\api.d.ts", "TypeScript", 0, 0, 0, 37, 0, 0, 0, 0, 0, 0, 0, 17, 3, 57
"c:\dev\clashing_destiny_v2\packages\api\src\convex\_generated\api.js", "JavaScript", 0, 0, 0, 0, 3, 0, 0, 0, 0, 0, 0, 17, 3, 23
"c:\dev\clashing_destiny_v2\packages\api\src\convex\_generated\dataModel.d.ts", "TypeScript", 0, 0, 0, 16, 0, 0, 0, 0, 0, 0, 0, 39, 6, 61
"c:\dev\clashing_destiny_v2\packages\api\src\convex\_generated\server.d.ts", "TypeScript", 0, 0, 0, 24, 0, 0, 0, 0, 0, 0, 0, 105, 14, 143
"c:\dev\clashing_destiny_v2\packages\api\src\convex\_generated\server.js", "JavaScript", 0, 0, 0, 0, 16, 0, 0, 0, 0, 0, 0, 65, 9, 90
"c:\dev\clashing_destiny_v2\packages\api\src\convex\auth.ts", "TypeScript", 0, 0, 0, 37, 0, 0, 0, 0, 0, 0, 0, 0, 10, 47
"c:\dev\clashing_destiny_v2\packages\api\src\convex\auth\auth.constants.ts", "TypeScript", 0, 0, 0, 6, 0, 0, 0, 0, 0, 0, 0, 0, 6, 12
"c:\dev\clashing_destiny_v2\packages\api\src\convex\auth\auth.schema.ts", "TypeScript", 0, 0, 0, 9, 0, 0, 0, 0, 0, 0, 0, 0, 2, 11
"c:\dev\clashing_destiny_v2\packages\api\src\convex\auth\auth.utils.ts", "TypeScript", 0, 0, 0, 74, 0, 0, 0, 0, 0, 0, 0, 0, 8, 82
"c:\dev\clashing_destiny_v2\packages\api\src\convex\auth\entities\session.entity.ts", "TypeScript", 0, 0, 0, 2, 0, 0, 0, 0, 0, 0, 0, 0, 2, 4
"c:\dev\clashing_destiny_v2\packages\api\src\convex\auth\repositories\session.repository.ts", "TypeScript", 0, 0, 0, 79, 0, 0, 0, 0, 0, 0, 0, 0, 21, 100
"c:\dev\clashing_destiny_v2\packages\api\src\convex\auth\usecases\login.usecase.ts", "TypeScript", 0, 0, 0, 25, 0, 0, 0, 0, 0, 0, 0, 1, 9, 35
"c:\dev\clashing_destiny_v2\packages\api\src\convex\auth\usecases\logout.usecase.ts", "TypeScript", 0, 0, 0, 13, 0, 0, 0, 0, 0, 0, 0, 0, 4, 17
"c:\dev\clashing_destiny_v2\packages\api\src\convex\auth\usecases\register.usecase.ts", "TypeScript", 0, 0, 0, 30, 0, 0, 0, 0, 0, 0, 0, 0, 9, 39
"c:\dev\clashing_destiny_v2\packages\api\src\convex\deck\deck.schemas.ts", "TypeScript", 0, 0, 0, 18, 0, 0, 0, 0, 0, 0, 0, 0, 2, 20
"c:\dev\clashing_destiny_v2\packages\api\src\convex\deck\entities\deck.entity.ts", "TypeScript", 0, 0, 0, 9, 0, 0, 0, 0, 0, 0, 0, 0, 3, 12
"c:\dev\clashing_destiny_v2\packages\api\src\convex\game\entities\game.entity.ts", "TypeScript", 0, 0, 0, 56, 0, 0, 0, 0, 0, 0, 0, 0, 14, 70
"c:\dev\clashing_destiny_v2\packages\api\src\convex\game\entities\gamePlayer.entity.ts", "TypeScript", 0, 0, 0, 17, 0, 0, 0, 0, 0, 0, 0, 0, 5, 22
"c:\dev\clashing_destiny_v2\packages\api\src\convex\game\game.constants.ts", "TypeScript", 0, 0, 0, 9, 0, 0, 0, 0, 0, 0, 0, 0, 4, 13
"c:\dev\clashing_destiny_v2\packages\api\src\convex\game\game.guards.ts", "TypeScript", 0, 0, 0, 12, 0, 0, 0, 0, 0, 0, 0, 0, 2, 14
"c:\dev\clashing_destiny_v2\packages\api\src\convex\game\game.schemas.ts", "TypeScript", 0, 0, 0, 23, 0, 0, 0, 0, 0, 0, 0, 0, 3, 26
"c:\dev\clashing_destiny_v2\packages\api\src\convex\game\mappers\game.mapper.ts", "TypeScript", 0, 0, 0, 14, 0, 0, 0, 0, 0, 0, 0, 0, 3, 17
"c:\dev\clashing_destiny_v2\packages\api\src\convex\game\mappers\gamePlayer.mapper.ts", "TypeScript", 0, 0, 0, 13, 0, 0, 0, 0, 0, 0, 0, 0, 3, 16
"c:\dev\clashing_destiny_v2\packages\api\src\convex\game\repositories\game.repository.ts", "TypeScript", 0, 0, 0, 70, 0, 0, 0, 0, 0, 0, 0, 0, 23, 93
"c:\dev\clashing_destiny_v2\packages\api\src\convex\game\repositories\gamePlayer.repository.ts", "TypeScript", 0, 0, 0, 66, 0, 0, 0, 0, 0, 0, 0, 0, 22, 88
"c:\dev\clashing_destiny_v2\packages\api\src\convex\game\usecases\cancelGame.usecase.ts", "TypeScript", 0, 0, 0, 28, 0, 0, 0, 0, 0, 0, 0, 0, 8, 36
"c:\dev\clashing_destiny_v2\packages\api\src\convex\game\usecases\startGame.usecase.ts", "TypeScript", 0, 0, 0, 27, 0, 0, 0, 0, 0, 0, 0, 0, 8, 35
"c:\dev\clashing_destiny_v2\packages\api\src\convex\games.ts", "TypeScript", 0, 0, 0, 12, 0, 0, 0, 0, 0, 0, 0, 0, 3, 15
"c:\dev\clashing_destiny_v2\packages\api\src\convex\matchmaking.ts", "TypeScript", 0, 0, 0, 40, 0, 0, 0, 0, 0, 0, 0, 0, 9, 49
"c:\dev\clashing_destiny_v2\packages\api\src\convex\matchmaking\entities\matchmaking.entity.ts", "TypeScript", 0, 0, 0, 83, 0, 0, 0, 0, 0, 0, 0, 0, 19, 102
"c:\dev\clashing_destiny_v2\packages\api\src\convex\matchmaking\entities\matchmakingUser.entity.ts", "TypeScript", 0, 0, 0, 23, 0, 0, 0, 0, 0, 0, 0, 0, 7, 30
"c:\dev\clashing_destiny_v2\packages\api\src\convex\matchmaking\matchmaking.constants.ts", "TypeScript", 0, 0, 0, 1, 0, 0, 0, 0, 0, 0, 0, 0, 1, 2
"c:\dev\clashing_destiny_v2\packages\api\src\convex\matchmaking\matchmaking.schemas.ts", "TypeScript", 0, 0, 0, 18, 0, 0, 0, 0, 0, 0, 0, 0, 3, 21
"c:\dev\clashing_destiny_v2\packages\api\src\convex\matchmaking\repositories\matchmaking.repository.ts", "TypeScript", 0, 0, 0, 85, 0, 0, 0, 0, 0, 0, 0, 0, 23, 108
"c:\dev\clashing_destiny_v2\packages\api\src\convex\matchmaking\repositories\matchmakingUser.repository.ts", "TypeScript", 0, 0, 0, 89, 0, 0, 0, 0, 0, 0, 0, 0, 22, 111
"c:\dev\clashing_destiny_v2\packages\api\src\convex\matchmaking\usecases\joinMatchmaking.usecase.ts", "TypeScript", 0, 0, 0, 49, 0, 0, 0, 0, 0, 0, 0, 0, 13, 62
"c:\dev\clashing_destiny_v2\packages\api\src\convex\matchmaking\usecases\leaveMatchmaking.usecase.ts", "TypeScript", 0, 0, 0, 23, 0, 0, 0, 0, 0, 0, 0, 0, 8, 31
"c:\dev\clashing_destiny_v2\packages\api\src\convex\matchmaking\usecases\runMatchmaking.usecase.ts", "TypeScript", 0, 0, 0, 36, 0, 0, 0, 0, 0, 0, 0, 0, 8, 44
"c:\dev\clashing_destiny_v2\packages\api\src\convex\schema.ts", "TypeScript", 0, 0, 0, 13, 0, 0, 0, 0, 0, 0, 0, 0, 3, 16
"c:\dev\clashing_destiny_v2\packages\api\src\convex\shared\container.ts", "TypeScript", 0, 0, 0, 147, 0, 0, 0, 0, 0, 0, 0, 0, 12, 159
"c:\dev\clashing_destiny_v2\packages\api\src\convex\shared\entity.ts", "TypeScript", 0, 0, 0, 13, 0, 0, 0, 0, 0, 0, 0, 0, 4, 17
"c:\dev\clashing_destiny_v2\packages\api\src\convex\usecase.ts", "TypeScript", 0, 0, 0, 15, 0, 0, 0, 0, 0, 0, 0, 0, 7, 22
"c:\dev\clashing_destiny_v2\packages\api\src\convex\users\entities\user.entity.ts", "TypeScript", 0, 0, 0, 27, 0, 0, 0, 0, 0, 0, 0, 0, 8, 35
"c:\dev\clashing_destiny_v2\packages\api\src\convex\users\repositories\user.repository.ts", "TypeScript", 0, 0, 0, 82, 0, 0, 0, 0, 0, 0, 0, 0, 23, 105
"c:\dev\clashing_destiny_v2\packages\api\src\convex\users\user.schemas.ts", "TypeScript", 0, 0, 0, 15, 0, 0, 0, 0, 0, 0, 0, 0, 2, 17
"c:\dev\clashing_destiny_v2\packages\api\src\convex\utils\discriminator.ts", "TypeScript", 0, 0, 0, 27, 0, 0, 0, 0, 0, 0, 0, 1, 7, 35
"c:\dev\clashing_destiny_v2\packages\api\src\convex\utils\email.ts", "TypeScript", 0, 0, 0, 15, 0, 0, 0, 0, 0, 0, 0, 0, 4, 19
"c:\dev\clashing_destiny_v2\packages\api\src\convex\utils\error.ts", "TypeScript", 0, 0, 0, 3, 0, 0, 0, 0, 0, 0, 0, 0, 3, 6
"c:\dev\clashing_destiny_v2\packages\api\src\convex\utils\password.ts", "TypeScript", 0, 0, 0, 22, 0, 0, 0, 0, 0, 0, 0, 0, 7, 29
"c:\dev\clashing_destiny_v2\packages\api\src\convex\utils\randomString.ts", "TypeScript", 0, 0, 0, 10, 0, 0, 0, 0, 0, 0, 0, 4, 3, 17
"c:\dev\clashing_destiny_v2\packages\api\src\index.ts", "TypeScript", 0, 0, 0, 2, 0, 0, 0, 0, 0, 0, 0, 0, 2, 4
"c:\dev\clashing_destiny_v2\packages\api\tsconfig.json", "JSON with Comments", 0, 0, 19, 0, 0, 0, 0, 0, 0, 0, 0, 2, 3, 24
"c:\dev\clashing_destiny_v2\packages\client\.eslintrc-auto-import.json", "JSON", 78, 0, 0, 0, 0, 0, 0, 0, 0, 0, 0, 0, 1, 79
"c:\dev\clashing_destiny_v2\packages\client\.prettierignore", "Ignore", 0, 0, 0, 0, 0, 3, 0, 0, 0, 0, 0, 0, 0, 3
"c:\dev\clashing_destiny_v2\packages\client\.prettierrc", "JSON", 8, 0, 0, 0, 0, 0, 0, 0, 0, 0, 0, 0, 1, 9
"c:\dev\clashing_destiny_v2\packages\client\README.md", "Markdown", 0, 24, 0, 0, 0, 0, 0, 0, 0, 0, 0, 0, 16, 40
"c:\dev\clashing_destiny_v2\packages\client\auto-imports.d.ts", "TypeScript", 0, 0, 0, 67, 0, 0, 0, 0, 0, 0, 0, 8, 1, 76
"c:\dev\clashing_destiny_v2\packages\client\env.d.ts", "TypeScript", 0, 0, 0, 1, 0, 0, 0, 0, 0, 0, 0, 2, 2, 5
"c:\dev\clashing_destiny_v2\packages\client\eslint.config.js", "JavaScript", 0, 0, 0, 0, 44, 0, 0, 0, 0, 0, 0, 0, 9, 53
"c:\dev\clashing_destiny_v2\packages\client\index.html", "HTML", 0, 0, 0, 0, 0, 0, 16, 0, 0, 0, 0, 0, 1, 17
"c:\dev\clashing_destiny_v2\packages\client\markdown.d.ts", "TypeScript", 0, 0, 0, 9, 0, 0, 0, 0, 0, 0, 0, 3, 3, 15
"c:\dev\clashing_destiny_v2\packages\client\package.json", "JSON", 87, 0, 0, 0, 0, 0, 0, 0, 0, 0, 0, 0, 1, 88
"c:\dev\clashing_destiny_v2\packages\client\postcss.config.mjs", "JavaScript", 0, 0, 0, 0, 4, 0, 0, 0, 0, 0, 0, 0, 2, 6
"c:\dev\clashing_destiny_v2\packages\client\public\assets\assets-manifest.json", "JSON", 6073, 0, 0, 0, 0, 0, 0, 0, 0, 0, 0, 0, 1, 6074
"c:\dev\clashing_destiny_v2\packages\client\public\assets\fx\frozen.json", "JSON", 1, 0, 0, 0, 0, 0, 0, 0, 0, 0, 0, 0, 0, 1
"c:\dev\clashing_destiny_v2\packages\client\public\assets\fx\light-mask.json", "JSON", 1, 0, 0, 0, 0, 0, 0, 0, 0, 0, 0, 0, 0, 1
"c:\dev\clashing_destiny_v2\packages\client\public\assets\fx\slash.json", "JSON", 1, 0, 0, 0, 0, 0, 0, 0, 0, 0, 0, 0, 0, 1
"c:\dev\clashing_destiny_v2\packages\client\public\assets\fx\stasis.json", "JSON", 1, 0, 0, 0, 0, 0, 0, 0, 0, 0, 0, 0, 0, 1
"c:\dev\clashing_destiny_v2\packages\client\public\assets\icons\modifier-mana-shield.json", "JSON", 1, 0, 0, 0, 0, 0, 0, 0, 0, 0, 0, 0, 0, 1
"c:\dev\clashing_destiny_v2\packages\client\public\assets\logo.svg", "SVG", 0, 0, 0, 0, 0, 0, 0, 0, 0, 0, 1, 0, 1, 2
"c:\dev\clashing_destiny_v2\packages\client\public\assets\obstacles\experience-globe.json", "JSON", 1, 0, 0, 0, 0, 0, 0, 0, 0, 0, 0, 0, 0, 1
"c:\dev\clashing_destiny_v2\packages\client\public\assets\obstacles\incoming-experience-globe.json", "JSON", 1, 0, 0, 0, 0, 0, 0, 0, 0, 0, 0, 0, 0, 1
"c:\dev\clashing_destiny_v2\packages\client\public\assets\tiles\grass.json", "JSON", 1, 0, 0, 0, 0, 0, 0, 0, 0, 0, 0, 0, 0, 1
"c:\dev\clashing_destiny_v2\packages\client\public\assets\ui\tile-highlights-proj.json", "JSON", 1, 0, 0, 0, 0, 0, 0, 0, 0, 0, 0, 0, 0, 1
"c:\dev\clashing_destiny_v2\packages\client\public\assets\ui\tile-highlights.json", "JSON", 1, 0, 0, 0, 0, 0, 0, 0, 0, 0, 0, 0, 0, 1
"c:\dev\clashing_destiny_v2\packages\client\public\assets\ui\unit-stat-bars.json", "JSON", 1, 0, 0, 0, 0, 0, 0, 0, 0, 0, 0, 0, 0, 1
"c:\dev\clashing_destiny_v2\packages\client\public\assets\units\acolyte.json", "JSON", 1, 0, 0, 0, 0, 0, 0, 0, 0, 0, 0, 0, 0, 1
"c:\dev\clashing_destiny_v2\packages\client\public\assets\units\aiden-lv1.json", "JSON", 1, 0, 0, 0, 0, 0, 0, 0, 0, 0, 0, 0, 0, 1
"c:\dev\clashing_destiny_v2\packages\client\public\assets\units\aiden-lv2.json", "JSON", 1, 0, 0, 0, 0, 0, 0, 0, 0, 0, 0, 0, 0, 1
"c:\dev\clashing_destiny_v2\packages\client\public\assets\units\aiden-lv3.json", "JSON", 1, 0, 0, 0, 0, 0, 0, 0, 0, 0, 0, 0, 0, 1
"c:\dev\clashing_destiny_v2\packages\client\public\assets\units\ardent-monk.json", "JSON", 1, 0, 0, 0, 0, 0, 0, 0, 0, 0, 0, 0, 0, 1
"c:\dev\clashing_destiny_v2\packages\client\public\assets\units\avatar-of-peace.json", "JSON", 1, 0, 0, 0, 0, 0, 0, 0, 0, 0, 0, 0, 0, 1
"c:\dev\clashing_destiny_v2\packages\client\public\assets\units\bubbly-slime.json", "JSON", 1, 0, 0, 0, 0, 0, 0, 0, 0, 0, 0, 0, 0, 1
"c:\dev\clashing_destiny_v2\packages\client\public\assets\units\cerulean-waves-disciple.json", "JSON", 1, 0, 0, 0, 0, 0, 0, 0, 0, 0, 0, 0, 0, 1
"c:\dev\clashing_destiny_v2\packages\client\public\assets\units\crusader-of-creation.json", "JSON", 1, 0, 0, 0, 0, 0, 0, 0, 0, 0, 0, 0, 0, 1
"c:\dev\clashing_destiny_v2\packages\client\public\assets\units\earth-shrine-of-knowledge.json", "JSON", 1, 0, 0, 0, 0, 0, 0, 0, 0, 0, 0, 0, 0, 1
"c:\dev\clashing_destiny_v2\packages\client\public\assets\units\elana-lv1.json", "JSON", 1, 0, 0, 0, 0, 0, 0, 0, 0, 0, 0, 0, 0, 1
"c:\dev\clashing_destiny_v2\packages\client\public\assets\units\elana-lv2.json", "JSON", 1, 0, 0, 0, 0, 0, 0, 0, 0, 0, 0, 0, 0, 1
"c:\dev\clashing_destiny_v2\packages\client\public\assets\units\elana-lv3.json", "JSON", 1, 0, 0, 0, 0, 0, 0, 0, 0, 0, 0, 0, 0, 1
"c:\dev\clashing_destiny_v2\packages\client\public\assets\units\enji-one-man-army.json", "JSON", 1, 0, 0, 0, 0, 0, 0, 0, 0, 0, 0, 0, 0, 1
"c:\dev\clashing_destiny_v2\packages\client\public\assets\units\esteemed-erudite.json", "JSON", 1, 0, 0, 0, 0, 0, 0, 0, 0, 0, 0, 0, 0, 1
"c:\dev\clashing_destiny_v2\packages\client\public\assets\units\fire-salamander.json", "JSON", 1, 0, 0, 0, 0, 0, 0, 0, 0, 0, 0, 0, 0, 1
"c:\dev\clashing_destiny_v2\packages\client\public\assets\units\fire-shrine-of-knowledge.json", "JSON", 1, 0, 0, 0, 0, 0, 0, 0, 0, 0, 0, 0, 0, 1
"c:\dev\clashing_destiny_v2\packages\client\public\assets\units\flame-exorcist.json", "JSON", 1, 0, 0, 0, 0, 0, 0, 0, 0, 0, 0, 0, 0, 1
"c:\dev\clashing_destiny_v2\packages\client\public\assets\units\flame-juggler.json", "JSON", 1, 0, 0, 0, 0, 0, 0, 0, 0, 0, 0, 0, 0, 1
"c:\dev\clashing_destiny_v2\packages\client\public\assets\units\flamefist-fighter.json", "JSON", 1, 0, 0, 0, 0, 0, 0, 0, 0, 0, 0, 0, 0, 1
"c:\dev\clashing_destiny_v2\packages\client\public\assets\units\fleeting-dancer.json", "JSON", 1, 0, 0, 0, 0, 0, 0, 0, 0, 0, 0, 0, 0, 1
"c:\dev\clashing_destiny_v2\packages\client\public\assets\units\garrison-marksman.json", "JSON", 1, 0, 0, 0, 0, 0, 0, 0, 0, 0, 0, 0, 0, 1
"c:\dev\clashing_destiny_v2\packages\client\public\assets\units\ice-queen.json", "JSON", 1, 0, 0, 0, 0, 0, 0, 0, 0, 0, 0, 0, 0, 1
"c:\dev\clashing_destiny_v2\packages\client\public\assets\units\kozui-aquamancer.json", "JSON", 1, 0, 0, 0, 0, 0, 0, 0, 0, 0, 0, 0, 0, 1
"c:\dev\clashing_destiny_v2\packages\client\public\assets\units\luminescent-mystic.json", "JSON", 1, 0, 0, 0, 0, 0, 0, 0, 0, 0, 0, 0, 0, 1
"c:\dev\clashing_destiny_v2\packages\client\public\assets\units\misleading-wisp.json", "JSON", 1, 0, 0, 0, 0, 0, 0, 0, 0, 0, 0, 0, 0, 1
"c:\dev\clashing_destiny_v2\packages\client\public\assets\units\naga-skirmisher.json", "JSON", 1, 0, 0, 0, 0, 0, 0, 0, 0, 0, 0, 0, 0, 1
"c:\dev\clashing_destiny_v2\packages\client\public\assets\units\placeholder.json", "JSON", 1, 0, 0, 0, 0, 0, 0, 0, 0, 0, 0, 0, 0, 1
"c:\dev\clashing_destiny_v2\packages\client\public\assets\units\playful-eels.json", "JSON", 1, 0, 0, 0, 0, 0, 0, 0, 0, 0, 0, 0, 0, 1
"c:\dev\clashing_destiny_v2\packages\client\public\assets\units\primordial-herald.json", "JSON", 1, 0, 0, 0, 0, 0, 0, 0, 0, 0, 0, 0, 0, 1
"c:\dev\clashing_destiny_v2\packages\client\public\assets\units\promising-recruit.json", "JSON", 1, 0, 0, 0, 0, 0, 0, 0, 0, 0, 0, 0, 0, 1
"c:\dev\clashing_destiny_v2\packages\client\public\assets\units\rainbow-phoenix.json", "JSON", 1, 0, 0, 0, 0, 0, 0, 0, 0, 0, 0, 0, 0, 1
"c:\dev\clashing_destiny_v2\packages\client\public\assets\units\shield-maiden.json", "JSON", 1, 0, 0, 0, 0, 0, 0, 0, 0, 0, 0, 0, 0, 1
"c:\dev\clashing_destiny_v2\packages\client\public\assets\units\shrouded-sorcerer.json", "JSON", 1, 0, 0, 0, 0, 0, 0, 0, 0, 0, 0, 0, 0, 1
"c:\dev\clashing_destiny_v2\packages\client\public\assets\units\stalwart-vanguard.json", "JSON", 1, 0, 0, 0, 0, 0, 0, 0, 0, 0, 0, 0, 0, 1
"c:\dev\clashing_destiny_v2\packages\client\public\assets\units\sword-instructor.json", "JSON", 1, 0, 0, 0, 0, 0, 0, 0, 0, 0, 0, 0, 0, 1
"c:\dev\clashing_destiny_v2\packages\client\public\assets\units\test-unit.json", "JSON", 1, 0, 0, 0, 0, 0, 0, 0, 0, 0, 0, 0, 0, 1
"c:\dev\clashing_destiny_v2\packages\client\public\assets\units\water-shrine-of-knowledge.json", "JSON", 1, 0, 0, 0, 0, 0, 0, 0, 0, 0, 0, 0, 0, 1
"c:\dev\clashing_destiny_v2\packages\client\public\assets\units\water-spring-lilly.json", "JSON", 1, 0, 0, 0, 0, 0, 0, 0, 0, 0, 0, 0, 0, 1
"c:\dev\clashing_destiny_v2\packages\client\public\assets\units\waterfall-fox-priestess.json", "JSON", 1, 0, 0, 0, 0, 0, 0, 0, 0, 0, 0, 0, 0, 1
"c:\dev\clashing_destiny_v2\packages\client\public\assets\units\will-o-wisp.json", "JSON", 1, 0, 0, 0, 0, 0, 0, 0, 0, 0, 0, 0, 0, 1
"c:\dev\clashing_destiny_v2\packages\client\public\assets\units\wind-shrine-of-knowledge.json", "JSON", 1, 0, 0, 0, 0, 0, 0, 0, 0, 0, 0, 0, 0, 1
"c:\dev\clashing_destiny_v2\packages\client\public\assets\units\wizard.json", "JSON", 1, 0, 0, 0, 0, 0, 0, 0, 0, 0, 0, 0, 0, 1
"c:\dev\clashing_destiny_v2\packages\client\public\assets\units\zoran-the-punisher.json", "JSON", 1, 0, 0, 0, 0, 0, 0, 0, 0, 0, 0, 0, 0, 1
"c:\dev\clashing_destiny_v2\packages\client\public\resources\sprites\swordsman.json", "JSON", 175, 0, 0, 0, 0, 0, 0, 0, 0, 0, 0, 0, 1, 176
"c:\dev\clashing_destiny_v2\packages\client\public\resources\sprites\wizard.json", "JSON", 152, 0, 0, 0, 0, 0, 0, 0, 0, 0, 0, 0, 1, 153
"c:\dev\clashing_destiny_v2\packages\client\src\App.vue", "Vue", 0, 0, 0, 0, 0, 0, 0, 0, 33, 0, 0, 10, 5, 48
"c:\dev\clashing_destiny_v2\packages\client\src\PixiApp.vue", "Vue", 0, 0, 0, 0, 0, 0, 0, 0, 64, 0, 0, 0, 15, 79
"c:\dev\clashing_destiny_v2\packages\client\src\ai.worker.ts", "TypeScript", 0, 0, 0, 0, 0, 0, 0, 0, 0, 0, 0, 33, 5, 38
"c:\dev\clashing_destiny_v2\packages\client\src\assets\fx{m}\frozen.json", "JSON", 148, 0, 0, 0, 0, 0, 0, 0, 0, 0, 0, 0, 1, 149
"c:\dev\clashing_destiny_v2\packages\client\src\assets\fx{m}\light-mask.json", "JSON", 27, 0, 0, 0, 0, 0, 0, 0, 0, 0, 0, 0, 1, 28
"c:\dev\clashing_destiny_v2\packages\client\src\assets\fx{m}\slash.json", "JSON", 91, 0, 0, 0, 0, 0, 0, 0, 0, 0, 0, 0, 1, 92
"c:\dev\clashing_destiny_v2\packages\client\src\assets\fx{m}\stasis.json", "JSON", 36, 0, 0, 0, 0, 0, 0, 0, 0, 0, 0, 0, 1, 37
"c:\dev\clashing_destiny_v2\packages\client\src\assets\icons{m}\modifier-mana-shield.json", "JSON", 36, 0, 0, 0, 0, 0, 0, 0, 0, 0, 0, 0, 1, 37
"c:\dev\clashing_destiny_v2\packages\client\src\assets\logo.svg", "SVG", 0, 0, 0, 0, 0, 0, 0, 0, 0, 0, 1, 0, 1, 2
"c:\dev\clashing_destiny_v2\packages\client\src\assets\obstacles{m}\experience-globe.json", "JSON", 27, 0, 0, 0, 0, 0, 0, 0, 0, 0, 0, 0, 1, 28
"c:\dev\clashing_destiny_v2\packages\client\src\assets\obstacles{m}\incoming-experience-globe.json", "JSON", 27, 0, 0, 0, 0, 0, 0, 0, 0, 0, 0, 0, 1, 28
"c:\dev\clashing_destiny_v2\packages\client\src\assets\tiles{m}\grass.json", "JSON", 54, 0, 0, 0, 0, 0, 0, 0, 0, 0, 0, 0, 1, 55
"c:\dev\clashing_destiny_v2\packages\client\src\assets\ui{m}\tile-highlights-proj.json", "JSON", 90, 0, 0, 0, 0, 0, 0, 0, 0, 0, 0, 0, 1, 91
"c:\dev\clashing_destiny_v2\packages\client\src\assets\ui{m}\tile-highlights.json", "JSON", 90, 0, 0, 0, 0, 0, 0, 0, 0, 0, 0, 0, 1, 91
"c:\dev\clashing_destiny_v2\packages\client\src\assets\ui{m}\unit-stat-bars.json", "JSON", 233, 0, 0, 0, 0, 0, 0, 0, 0, 0, 0, 0, 1, 234
"c:\dev\clashing_destiny_v2\packages\client\src\assets\units{m}\acolyte.json", "JSON", 83, 0, 0, 0, 0, 0, 0, 0, 0, 0, 0, 0, 1, 84
"c:\dev\clashing_destiny_v2\packages\client\src\assets\units{m}\aiden-lv1.json", "JSON", 27, 0, 0, 0, 0, 0, 0, 0, 0, 0, 0, 0, 1, 28
"c:\dev\clashing_destiny_v2\packages\client\src\assets\units{m}\aiden-lv2.json", "JSON", 36, 0, 0, 0, 0, 0, 0, 0, 0, 0, 0, 0, 1, 37
"c:\dev\clashing_destiny_v2\packages\client\src\assets\units{m}\aiden-lv3.json", "JSON", 36, 0, 0, 0, 0, 0, 0, 0, 0, 0, 0, 0, 1, 37
"c:\dev\clashing_destiny_v2\packages\client\src\assets\units{m}\ardent-monk.json", "JSON", 27, 0, 0, 0, 0, 0, 0, 0, 0, 0, 0, 0, 1, 28
"c:\dev\clashing_destiny_v2\packages\client\src\assets\units{m}\avatar-of-peace.json", "JSON", 27, 0, 0, 0, 0, 0, 0, 0, 0, 0, 0, 0, 1, 28
"c:\dev\clashing_destiny_v2\packages\client\src\assets\units{m}\bubbly-slime.json", "JSON", 27, 0, 0, 0, 0, 0, 0, 0, 0, 0, 0, 0, 1, 28
"c:\dev\clashing_destiny_v2\packages\client\src\assets\units{m}\cerulean-waves-disciple.json", "JSON", 45, 0, 0, 0, 0, 0, 0, 0, 0, 0, 0, 0, 1, 46
"c:\dev\clashing_destiny_v2\packages\client\src\assets\units{m}\crusader-of-creation.json", "JSON", 27, 0, 0, 0, 0, 0, 0, 0, 0, 0, 0, 0, 1, 28
"c:\dev\clashing_destiny_v2\packages\client\src\assets\units{m}\earth-shrine-of-knowledge.json", "JSON", 27, 0, 0, 0, 0, 0, 0, 0, 0, 0, 0, 0, 1, 28
"c:\dev\clashing_destiny_v2\packages\client\src\assets\units{m}\elana-lv1.json", "JSON", 27, 0, 0, 0, 0, 0, 0, 0, 0, 0, 0, 0, 1, 28
"c:\dev\clashing_destiny_v2\packages\client\src\assets\units{m}\elana-lv2.json", "JSON", 27, 0, 0, 0, 0, 0, 0, 0, 0, 0, 0, 0, 1, 28
"c:\dev\clashing_destiny_v2\packages\client\src\assets\units{m}\elana-lv3.json", "JSON", 27, 0, 0, 0, 0, 0, 0, 0, 0, 0, 0, 0, 1, 28
"c:\dev\clashing_destiny_v2\packages\client\src\assets\units{m}\enji-one-man-army.json", "JSON", 27, 0, 0, 0, 0, 0, 0, 0, 0, 0, 0, 0, 1, 28
"c:\dev\clashing_destiny_v2\packages\client\src\assets\units{m}\esteemed-erudite.json", "JSON", 27, 0, 0, 0, 0, 0, 0, 0, 0, 0, 0, 0, 1, 28
"c:\dev\clashing_destiny_v2\packages\client\src\assets\units{m}\fire-salamander.json", "JSON", 27, 0, 0, 0, 0, 0, 0, 0, 0, 0, 0, 0, 1, 28
"c:\dev\clashing_destiny_v2\packages\client\src\assets\units{m}\fire-shrine-of-knowledge.json", "JSON", 27, 0, 0, 0, 0, 0, 0, 0, 0, 0, 0, 0, 1, 28
"c:\dev\clashing_destiny_v2\packages\client\src\assets\units{m}\flame-exorcist.json", "JSON", 27, 0, 0, 0, 0, 0, 0, 0, 0, 0, 0, 0, 1, 28
"c:\dev\clashing_destiny_v2\packages\client\src\assets\units{m}\flame-juggler.json", "JSON", 27, 0, 0, 0, 0, 0, 0, 0, 0, 0, 0, 0, 1, 28
"c:\dev\clashing_destiny_v2\packages\client\src\assets\units{m}\flamefist-fighter.json", "JSON", 36, 0, 0, 0, 0, 0, 0, 0, 0, 0, 0, 0, 1, 37
"c:\dev\clashing_destiny_v2\packages\client\src\assets\units{m}\fleeting-dancer.json", "JSON", 27, 0, 0, 0, 0, 0, 0, 0, 0, 0, 0, 0, 1, 28
"c:\dev\clashing_destiny_v2\packages\client\src\assets\units{m}\garrison-marksman.json", "JSON", 27, 0, 0, 0, 0, 0, 0, 0, 0, 0, 0, 0, 1, 28
"c:\dev\clashing_destiny_v2\packages\client\src\assets\units{m}\ice-queen.json", "JSON", 27, 0, 0, 0, 0, 0, 0, 0, 0, 0, 0, 0, 1, 28
"c:\dev\clashing_destiny_v2\packages\client\src\assets\units{m}\kozui-aquamancer.json", "JSON", 27, 0, 0, 0, 0, 0, 0, 0, 0, 0, 0, 0, 1, 28
"c:\dev\clashing_destiny_v2\packages\client\src\assets\units{m}\luminescent-mystic.json", "JSON", 27, 0, 0, 0, 0, 0, 0, 0, 0, 0, 0, 0, 1, 28
"c:\dev\clashing_destiny_v2\packages\client\src\assets\units{m}\misleading-wisp.json", "JSON", 27, 0, 0, 0, 0, 0, 0, 0, 0, 0, 0, 0, 1, 28
"c:\dev\clashing_destiny_v2\packages\client\src\assets\units{m}\naga-skirmisher.json", "JSON", 27, 0, 0, 0, 0, 0, 0, 0, 0, 0, 0, 0, 1, 28
"c:\dev\clashing_destiny_v2\packages\client\src\assets\units{m}\placeholder.json", "JSON", 27, 0, 0, 0, 0, 0, 0, 0, 0, 0, 0, 0, 1, 28
"c:\dev\clashing_destiny_v2\packages\client\src\assets\units{m}\playful-eels.json", "JSON", 27, 0, 0, 0, 0, 0, 0, 0, 0, 0, 0, 0, 1, 28
"c:\dev\clashing_destiny_v2\packages\client\src\assets\units{m}\primordial-herald.json", "JSON", 27, 0, 0, 0, 0, 0, 0, 0, 0, 0, 0, 0, 1, 28
"c:\dev\clashing_destiny_v2\packages\client\src\assets\units{m}\promising-recruit.json", "JSON", 27, 0, 0, 0, 0, 0, 0, 0, 0, 0, 0, 0, 1, 28
"c:\dev\clashing_destiny_v2\packages\client\src\assets\units{m}\rainbow-phoenix.json", "JSON", 27, 0, 0, 0, 0, 0, 0, 0, 0, 0, 0, 0, 1, 28
"c:\dev\clashing_destiny_v2\packages\client\src\assets\units{m}\shield-maiden.json", "JSON", 27, 0, 0, 0, 0, 0, 0, 0, 0, 0, 0, 0, 1, 28
"c:\dev\clashing_destiny_v2\packages\client\src\assets\units{m}\shrouded-sorcerer.json", "JSON", 27, 0, 0, 0, 0, 0, 0, 0, 0, 0, 0, 0, 1, 28
"c:\dev\clashing_destiny_v2\packages\client\src\assets\units{m}\stalwart-vanguard.json", "JSON", 27, 0, 0, 0, 0, 0, 0, 0, 0, 0, 0, 0, 1, 28
"c:\dev\clashing_destiny_v2\packages\client\src\assets\units{m}\sword-instructor.json", "JSON", 27, 0, 0, 0, 0, 0, 0, 0, 0, 0, 0, 0, 1, 28
"c:\dev\clashing_destiny_v2\packages\client\src\assets\units{m}\test-unit.json", "JSON", 27, 0, 0, 0, 0, 0, 0, 0, 0, 0, 0, 0, 1, 28
"c:\dev\clashing_destiny_v2\packages\client\src\assets\units{m}\water-shrine-of-knowledge.json", "JSON", 27, 0, 0, 0, 0, 0, 0, 0, 0, 0, 0, 0, 1, 28
"c:\dev\clashing_destiny_v2\packages\client\src\assets\units{m}\water-spring-lilly.json", "JSON", 27, 0, 0, 0, 0, 0, 0, 0, 0, 0, 0, 0, 1, 28
"c:\dev\clashing_destiny_v2\packages\client\src\assets\units{m}\waterfall-fox-priestess.json", "JSON", 27, 0, 0, 0, 0, 0, 0, 0, 0, 0, 0, 0, 1, 28
"c:\dev\clashing_destiny_v2\packages\client\src\assets\units{m}\will-o-wisp.json", "JSON", 27, 0, 0, 0, 0, 0, 0, 0, 0, 0, 0, 0, 1, 28
"c:\dev\clashing_destiny_v2\packages\client\src\assets\units{m}\wind-shrine-of-knowledge.json", "JSON", 27, 0, 0, 0, 0, 0, 0, 0, 0, 0, 0, 0, 1, 28
"c:\dev\clashing_destiny_v2\packages\client\src\assets\units{m}\wizard.json", "JSON", 73, 0, 0, 0, 0, 0, 0, 0, 0, 0, 0, 0, 1, 74
"c:\dev\clashing_destiny_v2\packages\client\src\assets\units{m}\zoran-the-punisher.json", "JSON", 27, 0, 0, 0, 0, 0, 0, 0, 0, 0, 0, 0, 1, 28
"c:\dev\clashing_destiny_v2\packages\client\src\card\components\BlueprintCard.vue", "Vue", 0, 0, 0, 0, 0, 0, 0, 0, 42, 0, 0, 0, 4, 46
"c:\dev\clashing_destiny_v2\packages\client\src\card\components\BlueprintSmallCard.vue", "Vue", 0, 0, 0, 0, 0, 0, 0, 0, 18, 0, 0, 0, 4, 22
"c:\dev\clashing_destiny_v2\packages\client\src\card\components\Card.vue", "Vue", 0, 0, 0, 0, 0, 0, 0, 0, 805, 0, 0, 1, 74, 880
"c:\dev\clashing_destiny_v2\packages\client\src\card\components\CardBack.vue", "Vue", 0, 0, 0, 0, 0, 0, 0, 0, 12, 0, 0, 0, 3, 15
"c:\dev\clashing_destiny_v2\packages\client\src\card\components\CardFoil.vue", "Vue", 0, 0, 0, 0, 0, 0, 0, 0, 124, 0, 0, 0, 7, 131
"c:\dev\clashing_destiny_v2\packages\client\src\card\components\CardGlare.vue", "Vue", 0, 0, 0, 0, 0, 0, 0, 0, 25, 0, 0, 0, 2, 27
"c:\dev\clashing_destiny_v2\packages\client\src\card\components\CardText.vue", "Vue", 0, 0, 0, 0, 0, 0, 0, 0, 305, 0, 0, 0, 22, 327
"c:\dev\clashing_destiny_v2\packages\client\src\card\components\InspectableCard.vue", "Vue", 0, 0, 0, 0, 0, 0, 0, 0, 40, 0, 0, 0, 4, 44
"c:\dev\clashing_destiny_v2\packages\client\src\card\components\SmallCard.vue", "Vue", 0, 0, 0, 0, 0, 0, 0, 0, 301, 0, 0, 0, 24, 325
"c:\dev\clashing_destiny_v2\packages\client\src\card\components\SmallCardBack.vue", "Vue", 0, 0, 0, 0, 0, 0, 0, 0, 12, 0, 0, 0, 3, 15
"c:\dev\clashing_destiny_v2\packages\client\src\card\composables\useCardList.ts", "TypeScript", 0, 0, 0, 187, 0, 0, 0, 0, 0, 0, 0, 0, 28, 215
"c:\dev\clashing_destiny_v2\packages\client\src\card\deck-builder.model.ts", "TypeScript", 0, 0, 0, 222, 0, 0, 0, 0, 0, 0, 0, 0, 32, 254
"c:\dev\clashing_destiny_v2\packages\client\src\game\components\ActionsButtons.vue", "Vue", 0, 0, 0, 0, 0, 0, 0, 0, 35, 0, 0, 0, 4, 39
"c:\dev\clashing_destiny_v2\packages\client\src\game\components\Arrow.vue", "Vue", 0, 0, 0, 0, 0, 0, 0, 0, 83, 0, 0, 10, 11, 104
"c:\dev\clashing_destiny_v2\packages\client\src\game\components\BanishPile.vue", "Vue", 0, 0, 0, 0, 0, 0, 0, 0, 113, 0, 0, 0, 12, 125
"c:\dev\clashing_destiny_v2\packages\client\src\game\components\BattleLog.vue", "Vue", 0, 0, 0, 0, 0, 0, 0, 0, 312, 0, 0, 0, 42, 354
"c:\dev\clashing_destiny_v2\packages\client\src\game\components\BoardSlot.vue", "Vue", 0, 0, 0, 0, 0, 0, 0, 0, 82, 0, 0, 0, 7, 89
"c:\dev\clashing_destiny_v2\packages\client\src\game\components\CardActions.vue", "Vue", 0, 0, 0, 0, 0, 0, 0, 0, 66, 0, 0, 0, 6, 72
"c:\dev\clashing_destiny_v2\packages\client\src\game\components\CardResizer.vue", "Vue", 0, 0, 0, 0, 0, 0, 0, 0, 55, 0, 0, 0, 8, 63
"c:\dev\clashing_destiny_v2\packages\client\src\game\components\CardStats.vue", "Vue", 0, 0, 0, 0, 0, 0, 0, 0, 157, 0, 0, 0, 13, 170
"c:\dev\clashing_destiny_v2\packages\client\src\game\components\ChooseCardModal.vue", "Vue", 0, 0, 0, 0, 0, 0, 0, 0, 128, 0, 0, 0, 15, 143
"c:\dev\clashing_destiny_v2\packages\client\src\game\components\CombatArrows.vue", "Vue", 0, 0, 0, 0, 0, 0, 0, 0, 96, 0, 0, 0, 15, 111
"c:\dev\clashing_destiny_v2\packages\client\src\game\components\CountChip.vue", "Vue", 0, 0, 0, 0, 0, 0, 0, 0, 20, 0, 0, 0, 3, 23
"c:\dev\clashing_destiny_v2\packages\client\src\game\components\Deck.vue", "Vue", 0, 0, 0, 0, 0, 0, 0, 0, 17, 0, 0, 0, 3, 20
"c:\dev\clashing_destiny_v2\packages\client\src\game\components\DestinyCostVFX.vue", "Vue", 0, 0, 0, 0, 0, 0, 0, 0, 74, 0, 0, 0, 10, 84
"c:\dev\clashing_destiny_v2\packages\client\src\game\components\DestinyDeck.vue", "Vue", 0, 0, 0, 0, 0, 0, 0, 0, 118, 0, 0, 5, 12, 135
"c:\dev\clashing_destiny_v2\packages\client\src\game\components\DestinyZone.vue", "Vue", 0, 0, 0, 0, 0, 0, 0, 0, 142, 0, 0, 0, 21, 163
"c:\dev\clashing_destiny_v2\packages\client\src\game\components\DiscardPile.vue", "Vue", 0, 0, 0, 0, 0, 0, 0, 0, 115, 0, 0, 0, 11, 126
"c:\dev\clashing_destiny_v2\packages\client\src\game\components\EffectChain.vue", "Vue", 0, 0, 0, 0, 0, 0, 0, 0, 186, 0, 0, 0, 18, 204
"c:\dev\clashing_destiny_v2\packages\client\src\game\components\EquipedArtifacts.vue", "Vue", 0, 0, 0, 0, 0, 0, 0, 0, 57, 0, 0, 0, 8, 65
"c:\dev\clashing_destiny_v2\packages\client\src\game\components\ExplainerMessage.vue", "Vue", 0, 0, 0, 0, 0, 0, 0, 0, 27, 0, 0, 0, 4, 31
"c:\dev\clashing_destiny_v2\packages\client\src\game\components\GameBoard.vue", "Vue", 0, 0, 0, 0, 0, 0, 0, 0, 289, 0, 0, 0, 33, 322
"c:\dev\clashing_destiny_v2\packages\client\src\game\components\GameCard.vue", "Vue", 0, 0, 0, 0, 0, 0, 0, 0, 331, 0, 0, 0, 27, 358
"c:\dev\clashing_destiny_v2\packages\client\src\game\components\GameErrorModal.vue", "Vue", 0, 0, 0, 0, 0, 0, 0, 0, 73, 0, 0, 0, 6, 79
"c:\dev\clashing_destiny_v2\packages\client\src\game\components\Hand.vue", "Vue", 0, 0, 0, 0, 0, 0, 0, 0, 247, 0, 0, 0, 30, 277
"c:\dev\clashing_destiny_v2\packages\client\src\game\components\HeroSlot.vue", "Vue", 0, 0, 0, 0, 0, 0, 0, 0, 98, 0, 0, 0, 8, 106
"c:\dev\clashing_destiny_v2\packages\client\src\game\components\OpponentHand.vue", "Vue", 0, 0, 0, 0, 0, 0, 0, 0, 133, 0, 0, 0, 15, 148
"c:\dev\clashing_destiny_v2\packages\client\src\game\components\Pile.vue", "Vue", 0, 0, 0, 0, 0, 0, 0, 0, 35, 0, 0, 0, 7, 42
"c:\dev\clashing_destiny_v2\packages\client\src\game\components\PlayedCard.vue", "Vue", 0, 0, 0, 0, 0, 0, 0, 0, 55, 0, 0, 0, 9, 64
"c:\dev\clashing_destiny_v2\packages\client\src\game\components\PlayedCardIntent.vue", "Vue", 0, 0, 0, 0, 0, 0, 0, 0, 40, 0, 0, 0, 4, 44
"c:\dev\clashing_destiny_v2\packages\client\src\game\components\SVGFilters.vue", "Vue", 0, 0, 0, 0, 0, 0, 0, 0, 98, 0, 0, 0, 7, 105
"c:\dev\clashing_destiny_v2\packages\client\src\game\components\Sandbox.vue", "Vue", 0, 0, 0, 0, 0, 0, 0, 0, 48, 0, 0, 0, 7, 55
"c:\dev\clashing_destiny_v2\packages\client\src\game\composables\gameStateRef.ts", "TypeScript", 0, 0, 0, 14, 0, 0, 0, 0, 0, 0, 0, 0, 7, 21
"c:\dev\clashing_destiny_v2\packages\client\src\game\composables\useBoardResize.ts", "TypeScript", 0, 0, 0, 24, 0, 0, 0, 0, 0, 0, 0, 5, 4, 33
"c:\dev\clashing_destiny_v2\packages\client\src\game\composables\useDissolve.ts", "TypeScript", 0, 0, 0, 35, 0, 0, 0, 0, 0, 0, 0, 0, 9, 44
"c:\dev\clashing_destiny_v2\packages\client\src\game\composables\useFxAdapter.ts", "TypeScript", 0, 0, 0, 66, 0, 0, 0, 0, 0, 0, 0, 0, 9, 75
"c:\dev\clashing_destiny_v2\packages\client\src\game\composables\useGameClient.ts", "TypeScript", 0, 0, 0, 120, 0, 0, 0, 0, 0, 0, 0, 1, 29, 150
"c:\dev\clashing_destiny_v2\packages\client\src\game\composables\useGameKeyboardControls.ts", "TypeScript", 0, 0, 0, 110, 0, 0, 0, 0, 0, 0, 0, 0, 14, 124
"c:\dev\clashing_destiny_v2\packages\client\src\game\composables\useMinionSlot.ts", "TypeScript", 0, 0, 0, 38, 0, 0, 0, 0, 0, 0, 0, 0, 6, 44
"c:\dev\clashing_destiny_v2\packages\client\src\game\composables\useSandbox.ts", "TypeScript", 0, 0, 0, 79, 0, 0, 0, 0, 0, 0, 0, 3, 9, 91
"c:\dev\clashing_destiny_v2\packages\client\src\game\sandbox-worker.ts", "TypeScript", 0, 0, 0, 86, 0, 0, 0, 0, 0, 0, 0, 3, 10, 99
"c:\dev\clashing_destiny_v2\packages\client\src\main.ts", "TypeScript", 0, 0, 0, 44, 0, 0, 0, 0, 0, 0, 0, 3, 10, 57
"c:\dev\clashing_destiny_v2\packages\client\src\pages\cards\Collection.vue", "Vue", 0, 0, 0, 0, 0, 0, 0, 0, 105, 0, 0, 9, 13, 127
"c:\dev\clashing_destiny_v2\packages\client\src\pages\cards\CollectionCard.vue", "Vue", 0, 0, 0, 0, 0, 0, 0, 0, 80, 0, 0, 0, 10, 90
"c:\dev\clashing_destiny_v2\packages\client\src\pages\cards\CollectionFilters.vue", "Vue", 0, 0, 0, 0, 0, 0, 0, 0, 201, 0, 0, 0, 16, 217
"c:\dev\clashing_destiny_v2\packages\client\src\pages\cards\DeckEditor.vue", "Vue", 0, 0, 0, 0, 0, 0, 0, 0, 267, 0, 0, 0, 27, 294
"c:\dev\clashing_destiny_v2\packages\client\src\pages\cards\DeckList.vue", "Vue", 0, 0, 0, 0, 0, 0, 0, 0, 22, 0, 0, 0, 3, 25
"c:\dev\clashing_destiny_v2\packages\client\src\pages\cards\index@ui.page.vue", "Vue", 0, 0, 0, 0, 0, 0, 0, 0, 70, 0, 0, 0, 12, 82
"c:\dev\clashing_destiny_v2\packages\client\src\pages\cards\useCollectionPage.ts", "TypeScript", 0, 0, 0, 106, 0, 0, 0, 0, 0, 0, 0, 0, 13, 119
"c:\dev\clashing_destiny_v2\packages\client\src\pages\home\index@ui.page.vue", "Vue", 0, 0, 0, 0, 0, 0, 0, 0, 142, 0, 0, 0, 13, 155
"c:\dev\clashing_destiny_v2\packages\client\src\pages\how-to-play\index@ui.page.vue", "Vue", 0, 0, 0, 0, 0, 0, 0, 0, 64, 0, 0, 2, 6, 72
"c:\dev\clashing_destiny_v2\packages\client\src\pages\sandbox\index@ui.page.vue", "Vue", 0, 0, 0, 0, 0, 0, 0, 0, 125, 0, 0, 0, 6, 131
"c:\dev\clashing_destiny_v2\packages\client\src\pages\tutorial\Tutorial.vue", "Vue", 0, 0, 0, 0, 0, 0, 0, 0, 96, 0, 0, 0, 8, 104
"c:\dev\clashing_destiny_v2\packages\client\src\pages\tutorial\[id]@ui.page.vue", "Vue", 0, 0, 0, 0, 0, 0, 0, 0, 41, 0, 0, 0, 8, 49
"c:\dev\clashing_destiny_v2\packages\client\src\pages\tutorial\index@ui.page.vue", "Vue", 0, 0, 0, 0, 0, 0, 0, 0, 54, 0, 0, 0, 8, 62
"c:\dev\clashing_destiny_v2\packages\client\src\pages\tutorial\missions\combat.ts", "TypeScript", 0, 0, 0, 42, 0, 0, 0, 0, 0, 0, 0, 600, 3, 645
"c:\dev\clashing_destiny_v2\packages\client\src\pages\tutorial\missions\index.ts", "TypeScript", 0, 0, 0, 9, 0, 0, 0, 0, 0, 0, 0, 0, 3, 12
"c:\dev\clashing_destiny_v2\packages\client\src\pages\tutorial\missions\play-cards.ts", "TypeScript", 0, 0, 0, 70, 0, 0, 0, 0, 0, 0, 0, 4, 4, 78
"c:\dev\clashing_destiny_v2\packages\client\src\pages\tutorial\missions\utils.ts", "TypeScript", 0, 0, 0, 9, 0, 0, 0, 0, 0, 0, 0, 0, 2, 11
"c:\dev\clashing_destiny_v2\packages\client\src\pages\tutorial\useTutorial.ts", "TypeScript", 0, 0, 0, 134, 0, 0, 0, 0, 0, 0, 0, 2, 14, 150
"c:\dev\clashing_destiny_v2\packages\client\src\player\components\PlayerDeck.vue", "Vue", 0, 0, 0, 0, 0, 0, 0, 0, 76, 0, 0, 8, 9, 93
"c:\dev\clashing_destiny_v2\packages\client\src\shared\components\Fps.vue", "Vue", 0, 0, 0, 0, 0, 0, 0, 0, 27, 0, 0, 0, 7, 34
"c:\dev\clashing_destiny_v2\packages\client\src\shared\components\MultiLayerAnimatedSprite.vue", "Vue", 0, 0, 0, 0, 0, 0, 0, 0, 68, 0, 0, 0, 11, 79
"c:\dev\clashing_destiny_v2\packages\client\src\shared\composables\useAssets.ts", "TypeScript", 0, 0, 0, 96, 0, 0, 0, 0, 0, 0, 0, 65, 16, 177
"c:\dev\clashing_destiny_v2\packages\client\src\shared\composables\useDynamicFontSize.ts", "TypeScript", 0, 0, 0, 34, 0, 0, 0, 0, 0, 0, 0, 0, 7, 41
"c:\dev\clashing_destiny_v2\packages\client\src\shared\composables\useKeyboardControl.ts", "TypeScript", 0, 0, 0, 76, 0, 0, 0, 0, 0, 0, 0, 0, 18, 94
"c:\dev\clashing_destiny_v2\packages\client\src\shared\composables\useMultiLayerTexture.ts", "TypeScript", 0, 0, 0, 63, 0, 0, 0, 0, 0, 0, 0, 1, 10, 74
"c:\dev\clashing_destiny_v2\packages\client\src\shared\composables\useResponsive.ts", "TypeScript", 0, 0, 0, 13, 0, 0, 0, 0, 0, 0, 0, 0, 2, 15
"c:\dev\clashing_destiny_v2\packages\client\src\shared\composables\useSafeInject.ts", "TypeScript", 0, 0, 0, 10, 0, 0, 0, 0, 0, 0, 0, 0, 4, 14
"c:\dev\clashing_destiny_v2\packages\client\src\shared\composables\useSettings.ts", "TypeScript", 0, 0, 0, 6, 0, 0, 0, 0, 0, 0, 0, 0, 3, 9
"c:\dev\clashing_destiny_v2\packages\client\src\shared\composables\useSpritesheet.ts", "TypeScript", 0, 0, 0, 21, 0, 0, 0, 0, 0, 0, 0, 0, 5, 26
"c:\dev\clashing_destiny_v2\packages\client\src\shared\composables\vfx\useShaker.ts", "TypeScript", 0, 0, 0, 51, 0, 0, 0, 0, 0, 0, 0, 0, 5, 56
"c:\dev\clashing_destiny_v2\packages\client\src\shared\types.ts", "TypeScript", 0, 0, 0, 10, 0, 0, 0, 0, 0, 0, 0, 0, 3, 13
"c:\dev\clashing_destiny_v2\packages\client\src\styles\global.css", "PostCSS", 0, 0, 0, 0, 0, 0, 0, 0, 0, 77, 0, 0, 10, 87
"c:\dev\clashing_destiny_v2\packages\client\src\styles\reset.css", "PostCSS", 0, 0, 0, 0, 0, 0, 0, 0, 0, 282, 0, 0, 54, 336
"c:\dev\clashing_destiny_v2\packages\client\src\styles\theme.css", "PostCSS", 0, 0, 0, 0, 0, 0, 0, 0, 0, 118, 0, 13, 27, 158
"c:\dev\clashing_destiny_v2\packages\client\src\styles\utils.css", "PostCSS", 0, 0, 0, 0, 0, 0, 0, 0, 0, 140, 0, 3, 27, 170
"c:\dev\clashing_destiny_v2\packages\client\src\tutorial\how-to-play.md", "Markdown", 0, 108, 0, 0, 0, 0, 0, 0, 0, 0, 0, 0, 81, 189
"c:\dev\clashing_destiny_v2\packages\client\src\ui\components\FancyButton.vue", "Vue", 0, 0, 0, 0, 0, 0, 0, 0, 133, 0, 0, 1, 25, 159
"c:\dev\clashing_destiny_v2\packages\client\src\ui\components\UiButton.vue", "Vue", 0, 0, 0, 0, 0, 0, 0, 0, 147, 0, 0, 1, 27, 175
"c:\dev\clashing_destiny_v2\packages\client\src\ui\components\UiDrawer.vue", "Vue", 0, 0, 0, 0, 0, 0, 0, 0, 102, 0, 0, 0, 15, 117
"c:\dev\clashing_destiny_v2\packages\client\src\ui\components\UiModal.vue", "Vue", 0, 0, 0, 0, 0, 0, 0, 0, 126, 0, 0, 0, 17, 143
"c:\dev\clashing_destiny_v2\packages\client\src\ui\components\UiSimpleTooltip.vue", "Vue", 0, 0, 0, 0, 0, 0, 0, 0, 61, 0, 0, 0, 6, 67
"c:\dev\clashing_destiny_v2\packages\client\src\ui\composables\use-shockwave.ts", "TypeScript", 0, 0, 0, 51, 0, 0, 0, 0, 0, 0, 0, 0, 9, 60
"c:\dev\clashing_destiny_v2\packages\client\src\ui\ui-utils.ts", "TypeScript", 0, 0, 0, 3, 0, 0, 0, 0, 0, 0, 0, 0, 2, 5
"c:\dev\clashing_destiny_v2\packages\client\src\utils\aseprite-parser.ts", "TypeScript", 0, 0, 0, 227, 0, 0, 0, 0, 0, 0, 0, 17, 33, 277
"c:\dev\clashing_destiny_v2\packages\client\src\utils\config.ts", "TypeScript", 0, 0, 0, 50, 0, 0, 0, 0, 0, 0, 0, 0, 16, 66
"c:\dev\clashing_destiny_v2\packages\client\src\utils\dom-utils.ts", "TypeScript", 0, 0, 0, 15, 0, 0, 0, 0, 0, 0, 0, 0, 2, 17
"c:\dev\clashing_destiny_v2\packages\client\src\utils\hitbox.ts", "TypeScript", 0, 0, 0, 30, 0, 0, 0, 0, 0, 0, 0, 0, 6, 36
"c:\dev\clashing_destiny_v2\packages\client\src\utils\keybindings.ts", "TypeScript", 0, 0, 0, 71, 0, 0, 0, 0, 0, 0, 0, 0, 2, 73
"c:\dev\clashing_destiny_v2\packages\client\src\utils\pixi-elements.ts", "TypeScript", 0, 0, 0, 55, 0, 0, 0, 0, 0, 0, 0, 16, 10, 81
"c:\dev\clashing_destiny_v2\packages\client\src\utils\premade-decks.ts", "TypeScript", 0, 0, 0, 106, 0, 0, 0, 0, 0, 0, 0, 0, 19, 125
"c:\dev\clashing_destiny_v2\packages\client\src\utils\settings.ts", "TypeScript", 0, 0, 0, 5, 0, 0, 0, 0, 0, 0, 0, 0, 3, 8
"c:\dev\clashing_destiny_v2\packages\client\src\utils\sprite.ts", "TypeScript", 0, 0, 0, 82, 0, 0, 0, 0, 0, 0, 0, 2, 8, 92
"c:\dev\clashing_destiny_v2\packages\client\tsconfig.app.json", "JSON", 25, 0, 0, 0, 0, 0, 0, 0, 0, 0, 0, 1, 2, 28
"c:\dev\clashing_destiny_v2\packages\client\tsconfig.json", "JSON with Comments", 0, 0, 11, 0, 0, 0, 0, 0, 0, 0, 0, 0, 1, 12
"c:\dev\clashing_destiny_v2\packages\client\tsconfig.node.json", "JSON", 18, 0, 0, 0, 0, 0, 0, 0, 0, 0, 0, 0, 2, 20
"c:\dev\clashing_destiny_v2\packages\client\typed-router.d.ts", "TypeScript", 0, 0, 0, 17, 0, 0, 0, 0, 0, 0, 0, 9, 3, 29
"c:\dev\clashing_destiny_v2\packages\client\uno.config.ts", "TypeScript", 0, 0, 0, 9, 0, 0, 0, 0, 0, 0, 0, 0, 2, 11
"c:\dev\clashing_destiny_v2\packages\client\vercel.json", "JSON", 8, 0, 0, 0, 0, 0, 0, 0, 0, 0, 0, 0, 1, 9
"c:\dev\clashing_destiny_v2\packages\client\vite.config.ts", "TypeScript", 0, 0, 0, 112, 0, 0, 0, 0, 0, 0, 0, 2, 11, 125
"c:\dev\clashing_destiny_v2\packages\client\vite.config.ts.timestamp-1758716789377-1f2371b29e56.mjs", "JavaScript", 0, 0, 0, 0, 114, 0, 0, 0, 0, 0, 0, 3, 1, 118
"c:\dev\clashing_destiny_v2\packages\engine\.eslintrc.cjs", "JavaScript", 0, 0, 0, 0, 13, 0, 0, 0, 0, 0, 0, 0, 1, 14
"c:\dev\clashing_destiny_v2\packages\engine\.prettierignore", "Ignore", 0, 0, 0, 0, 0, 3, 0, 0, 0, 0, 0, 0, 0, 3
"c:\dev\clashing_destiny_v2\packages\engine\.prettierrc", "JSON", 9, 0, 0, 0, 0, 0, 0, 0, 0, 0, 0, 0, 1, 10
"c:\dev\clashing_destiny_v2\packages\engine\README.md", "Markdown", 0, 5, 0, 0, 0, 0, 0, 0, 0, 0, 0, 0, 1, 6
"c:\dev\clashing_destiny_v2\packages\engine\__test__\test-utils.ts", "TypeScript", 0, 0, 0, 0, 0, 0, 0, 0, 0, 0, 0, 175, 16, 191
"c:\dev\clashing_destiny_v2\packages\engine\package.json", "JSON", 36, 0, 0, 0, 0, 0, 0, 0, 0, 0, 0, 0, 1, 37
"c:\dev\clashing_destiny_v2\packages\engine\src\ai\ai.system.ts", "TypeScript", 0, 0, 0, 39, 0, 0, 0, 0, 0, 0, 0, 7, 9, 55
"c:\dev\clashing_destiny_v2\packages\engine\src\board\board-column.ts", "TypeScript", 0, 0, 0, 21, 0, 0, 0, 0, 0, 0, 0, 0, 5, 26
"c:\dev\clashing_destiny_v2\packages\engine\src\board\board-side.entity.ts", "TypeScript", 0, 0, 0, 348, 0, 0, 0, 0, 0, 0, 0, 0, 39, 387
"c:\dev\clashing_destiny_v2\packages\engine\src\board\board-slot.entity.ts", "TypeScript", 0, 0, 0, 134, 0, 0, 0, 0, 0, 0, 0, 1, 28, 163
"c:\dev\clashing_destiny_v2\packages\engine\src\board\board.constants.ts", "TypeScript", 0, 0, 0, 6, 0, 0, 0, 0, 0, 0, 0, 0, 3, 9
"c:\dev\clashing_destiny_v2\packages\engine\src\board\board.system.ts", "TypeScript", 0, 0, 0, 50, 0, 0, 0, 0, 0, 0, 0, 0, 11, 61
"c:\dev\clashing_destiny_v2\packages\engine\src\card\attack-aoe.ts", "TypeScript", 0, 0, 0, 38, 0, 0, 0, 0, 0, 0, 0, 0, 6, 44
"c:\dev\clashing_destiny_v2\packages\engine\src\card\attack-range.ts", "TypeScript", 0, 0, 0, 68, 0, 0, 0, 0, 0, 0, 0, 0, 17, 85
"c:\dev\clashing_destiny_v2\packages\engine\src\card\card-actions-utils.ts", "TypeScript", 0, 0, 0, 54, 0, 0, 0, 0, 0, 0, 0, 0, 10, 64
"c:\dev\clashing_destiny_v2\packages\engine\src\card\card-blueprint.ts", "TypeScript", 0, 0, 0, 168, 0, 0, 0, 0, 0, 0, 0, 1, 12, 181
"c:\dev\clashing_destiny_v2\packages\engine\src\card\card-errors.ts", "TypeScript", 0, 0, 0, 27, 0, 0, 0, 0, 0, 0, 0, 0, 6, 33
"c:\dev\clashing_destiny_v2\packages\engine\src\card\card-keywords.ts", "TypeScript", 0, 0, 0, 273, 0, 0, 0, 0, 0, 0, 0, 0, 6, 279
"c:\dev\clashing_destiny_v2\packages\engine\src\card\card-utils.ts", "TypeScript", 0, 0, 0, 375, 0, 0, 0, 0, 0, 0, 0, 0, 21, 396
"c:\dev\clashing_destiny_v2\packages\engine\src\card\card.enums.ts", "TypeScript", 0, 0, 0, 75, 0, 0, 0, 0, 0, 0, 0, 1, 13, 89
"c:\dev\clashing_destiny_v2\packages\engine\src\card\card.events.ts", "TypeScript", 0, 0, 0, 151, 0, 0, 0, 0, 0, 0, 0, 0, 15, 166
"c:\dev\clashing_destiny_v2\packages\engine\src\card\card.system.ts", "TypeScript", 0, 0, 0, 103, 0, 0, 0, 0, 0, 0, 0, 0, 15, 118
"c:\dev\clashing_destiny_v2\packages\engine\src\card\components\card-manager.component.ts", "TypeScript", 0, 0, 0, 208, 0, 0, 0, 0, 0, 0, 0, 0, 52, 260
"c:\dev\clashing_destiny_v2\packages\engine\src\card\components\keyword-manager.component.ts", "TypeScript", 0, 0, 0, 22, 0, 0, 0, 0, 0, 0, 0, 0, 6, 28
"c:\dev\clashing_destiny_v2\packages\engine\src\card\entities\ability.entity.ts", "TypeScript", 0, 0, 0, 170, 0, 0, 0, 0, 0, 0, 0, 0, 28, 198
"c:\dev\clashing_destiny_v2\packages\engine\src\card\entities\artifact.entity.ts", "TypeScript", 0, 0, 0, 236, 0, 0, 0, 0, 0, 0, 0, 0, 39, 275
"c:\dev\clashing_destiny_v2\packages\engine\src\card\entities\card.entity.ts", "TypeScript", 0, 0, 0, 454, 0, 0, 0, 0, 0, 0, 0, 2, 68, 524
"c:\dev\clashing_destiny_v2\packages\engine\src\card\entities\deck.entity.ts", "TypeScript", 0, 0, 0, 82, 0, 0, 0, 0, 0, 0, 0, 0, 23, 105
"c:\dev\clashing_destiny_v2\packages\engine\src\card\entities\hero.entity.ts", "TypeScript", 0, 0, 0, 492, 0, 0, 0, 0, 0, 0, 0, 0, 73, 565
"c:\dev\clashing_destiny_v2\packages\engine\src\card\entities\minion.entity.ts", "TypeScript", 0, 0, 0, 591, 0, 0, 0, 0, 0, 0, 0, 2, 77, 670
"c:\dev\clashing_destiny_v2\packages\engine\src\card\entities\sigil.entity.ts", "TypeScript", 0, 0, 0, 265, 0, 0, 0, 0, 0, 0, 0, 2, 39, 306
"c:\dev\clashing_destiny_v2\packages\engine\src\card\entities\spell.entity.ts", "TypeScript", 0, 0, 0, 113, 0, 0, 0, 0, 0, 0, 0, 0, 17, 130
"c:\dev\clashing_destiny_v2\packages\engine\src\card\sets\core.set.ts", "TypeScript", 0, 0, 0, 66, 0, 0, 0, 0, 0, 0, 0, 0, 2, 68
"c:\dev\clashing_destiny_v2\packages\engine\src\card\sets\core\artifacts\amulet-of-remembrance.ts", "TypeScript", 0, 0, 0, 54, 0, 0, 0, 0, 0, 0, 0, 0, 2, 56
"c:\dev\clashing_destiny_v2\packages\engine\src\card\sets\core\artifacts\rusty-blade.ts", "TypeScript", 0, 0, 0, 71, 0, 0, 0, 0, 0, 0, 0, 0, 2, 73
"c:\dev\clashing_destiny_v2\packages\engine\src\card\sets\core\artifacts\unyielding-shield.ts", "TypeScript", 0, 0, 0, 90, 0, 0, 0, 0, 0, 0, 0, 0, 5, 95
"c:\dev\clashing_destiny_v2\packages\engine\src\card\sets\core\heroes\aiden-lv1.ts", "TypeScript", 0, 0, 0, 76, 0, 0, 0, 0, 0, 0, 0, 0, 2, 78
"c:\dev\clashing_destiny_v2\packages\engine\src\card\sets\core\heroes\aiden-lv2.ts", "TypeScript", 0, 0, 0, 88, 0, 0, 0, 0, 0, 0, 0, 0, 2, 90
"c:\dev\clashing_destiny_v2\packages\engine\src\card\sets\core\heroes\aiden-lv3.ts", "TypeScript", 0, 0, 0, 109, 0, 0, 0, 0, 0, 0, 0, 0, 8, 117
"c:\dev\clashing_destiny_v2\packages\engine\src\card\sets\core\heroes\combat-tutorial-enemy-hero.ts", "TypeScript", 0, 0, 0, 35, 0, 0, 0, 0, 0, 0, 0, 0, 2, 37
"c:\dev\clashing_destiny_v2\packages\engine\src\card\sets\core\heroes\erina-lv3.ts", "TypeScript", 0, 0, 0, 109, 0, 0, 0, 0, 0, 0, 0, 0, 8, 117
"c:\dev\clashing_destiny_v2\packages\engine\src\card\sets\core\heroes\novice-lv0.ts", "TypeScript", 0, 0, 0, 72, 0, 0, 0, 0, 0, 0, 0, 0, 5, 77
"c:\dev\clashing_destiny_v2\packages\engine\src\card\sets\core\minions\angel-of-retribution.ts", "TypeScript", 0, 0, 0, 88, 0, 0, 0, 0, 0, 0, 0, 0, 3, 91
"c:\dev\clashing_destiny_v2\packages\engine\src\card\sets\core\minions\courageous-footsoldier.ts", "TypeScript", 0, 0, 0, 31, 0, 0, 0, 0, 0, 0, 0, 0, 2, 33
"c:\dev\clashing_destiny_v2\packages\engine\src\card\sets\core\minions\flag-bearer-of-flame.ts", "TypeScript", 0, 0, 0, 70, 0, 0, 0, 0, 0, 0, 0, 0, 3, 73
"c:\dev\clashing_destiny_v2\packages\engine\src\card\sets\core\minions\flame-juggler.ts", "TypeScript", 0, 0, 0, 46, 0, 0, 0, 0, 0, 0, 0, 0, 2, 48
"c:\dev\clashing_destiny_v2\packages\engine\src\card\sets\core\minions\friendlySlime.ts", "TypeScript", 0, 0, 0, 42, 0, 0, 0, 0, 0, 0, 0, 0, 2, 44
"c:\dev\clashing_destiny_v2\packages\engine\src\card\sets\core\minions\hot-headed-recruit.ts", "TypeScript", 0, 0, 0, 35, 0, 0, 0, 0, 0, 0, 0, 0, 2, 37
"c:\dev\clashing_destiny_v2\packages\engine\src\card\sets\core\minions\hougen-the-punisher.ts", "TypeScript", 0, 0, 0, 49, 0, 0, 0, 0, 0, 0, 0, 0, 2, 51
"c:\dev\clashing_destiny_v2\packages\engine\src\card\sets\core\minions\phoenix.ts", "TypeScript", 0, 0, 0, 61, 0, 0, 0, 0, 0, 0, 0, 0, 3, 64
"c:\dev\clashing_destiny_v2\packages\engine\src\card\sets\core\minions\pyrebound-lancer.ts", "TypeScript", 0, 0, 0, 59, 0, 0, 0, 0, 0, 0, 0, 0, 3, 62
"c:\dev\clashing_destiny_v2\packages\engine\src\card\sets\core\minions\sharpshooter.ts", "TypeScript", 0, 0, 0, 57, 0, 0, 0, 0, 0, 0, 0, 0, 4, 61
"c:\dev\clashing_destiny_v2\packages\engine\src\card\sets\core\minions\shield-maiden.ts", "TypeScript", 0, 0, 0, 35, 0, 0, 0, 0, 0, 0, 0, 0, 2, 37
"c:\dev\clashing_destiny_v2\packages\engine\src\card\sets\core\minions\stalwart-vanguard.ts", "TypeScript", 0, 0, 0, 32, 0, 0, 0, 0, 0, 0, 0, 0, 2, 34
"c:\dev\clashing_destiny_v2\packages\engine\src\card\sets\core\sigils\sigil-of-immortal-flame.ts", "TypeScript", 0, 0, 0, 46, 0, 0, 0, 0, 0, 0, 0, 0, 2, 48
"c:\dev\clashing_destiny_v2\packages\engine\src\card\sets\core\spells\fated-oath.ts", "TypeScript", 0, 0, 0, 76, 0, 0, 0, 0, 0, 0, 0, 0, 5, 81
"c:\dev\clashing_destiny_v2\packages\engine\src\card\sets\core\spells\fire-bolt.ts", "TypeScript", 0, 0, 0, 41, 0, 0, 0, 0, 0, 0, 0, 0, 2, 43
"c:\dev\clashing_destiny_v2\packages\engine\src\card\sets\core\spells\fireball.ts", "TypeScript", 0, 0, 0, 45, 0, 0, 0, 0, 0, 0, 0, 0, 3, 48
"c:\dev\clashing_destiny_v2\packages\engine\src\card\sets\core\spells\flaming-frenzy.ts", "TypeScript", 0, 0, 0, 66, 0, 0, 0, 0, 0, 0, 0, 1, 2, 69
"c:\dev\clashing_destiny_v2\packages\engine\src\card\sets\core\spells\gaze-into-tomorrow.ts", "TypeScript", 0, 0, 0, 41, 0, 0, 0, 0, 0, 0, 0, 0, 2, 43
"c:\dev\clashing_destiny_v2\packages\engine\src\card\sets\core\spells\grand-cross.ts", "TypeScript", 0, 0, 0, 79, 0, 0, 0, 0, 0, 0, 0, 0, 7, 86
"c:\dev\clashing_destiny_v2\packages\engine\src\card\sets\core\spells\knights-inspiration.ts", "TypeScript", 0, 0, 0, 47, 0, 0, 0, 0, 0, 0, 0, 0, 2, 49
"c:\dev\clashing_destiny_v2\packages\engine\src\card\sets\core\spells\reposition.ts", "TypeScript", 0, 0, 0, 62, 0, 0, 0, 0, 0, 0, 0, 0, 6, 68
"c:\dev\clashing_destiny_v2\packages\engine\src\card\sets\core\spells\slimes-to-the-rescue.ts", "TypeScript", 0, 0, 0, 56, 0, 0, 0, 0, 0, 0, 0, 0, 2, 58
"c:\dev\clashing_destiny_v2\packages\engine\src\card\sets\index.ts", "TypeScript", 0, 0, 0, 15, 0, 0, 0, 0, 0, 0, 0, 0, 4, 19
"c:\dev\clashing_destiny_v2\packages\engine\src\card\validators\deck.validator.ts", "TypeScript", 0, 0, 0, 142, 0, 0, 0, 0, 0, 0, 0, 0, 23, 165
"c:\dev\clashing_destiny_v2\packages\engine\src\client\actions\cancel-play-card.ts", "TypeScript", 0, 0, 0, 24, 0, 0, 0, 0, 0, 0, 0, 0, 8, 32
"c:\dev\clashing_destiny_v2\packages\engine\src\client\actions\commit-card-selection.ts", "TypeScript", 0, 0, 0, 25, 0, 0, 0, 0, 0, 0, 0, 0, 8, 33
"c:\dev\clashing_destiny_v2\packages\engine\src\client\actions\commit-minion-slot-selection.ts", "TypeScript", 0, 0, 0, 25, 0, 0, 0, 0, 0, 0, 0, 0, 8, 33
"c:\dev\clashing_destiny_v2\packages\engine\src\client\actions\declare-attack-target.ts", "TypeScript", 0, 0, 0, 26, 0, 0, 0, 0, 0, 0, 0, 0, 4, 30
"c:\dev\clashing_destiny_v2\packages\engine\src\client\actions\declare-attack.ts", "TypeScript", 0, 0, 0, 22, 0, 0, 0, 0, 0, 0, 0, 0, 6, 28
"c:\dev\clashing_destiny_v2\packages\engine\src\client\actions\declare-counter-attack.ts", "TypeScript", 0, 0, 0, 15, 0, 0, 0, 0, 0, 0, 0, 0, 6, 21
"c:\dev\clashing_destiny_v2\packages\engine\src\client\actions\pass.ts", "TypeScript", 0, 0, 0, 34, 0, 0, 0, 0, 0, 0, 0, 0, 8, 42
"c:\dev\clashing_destiny_v2\packages\engine\src\client\actions\play-card.ts", "TypeScript", 0, 0, 0, 28, 0, 0, 0, 0, 0, 0, 0, 0, 8, 36
"c:\dev\clashing_destiny_v2\packages\engine\src\client\actions\select-card-on-board.ts", "TypeScript", 0, 0, 0, 24, 0, 0, 0, 0, 0, 0, 0, 0, 4, 28
"c:\dev\clashing_destiny_v2\packages\engine\src\client\actions\select-card.ts", "TypeScript", 0, 0, 0, 18, 0, 0, 0, 0, 0, 0, 0, 0, 4, 22
"c:\dev\clashing_destiny_v2\packages\engine\src\client\actions\select-minion-slot.ts", "TypeScript", 0, 0, 0, 32, 0, 0, 0, 0, 0, 0, 0, 0, 4, 36
"c:\dev\clashing_destiny_v2\packages\engine\src\client\actions\toggle-for-mana-cost.ts", "TypeScript", 0, 0, 0, 87, 0, 0, 0, 0, 0, 0, 0, 0, 12, 99
"c:\dev\clashing_destiny_v2\packages\engine\src\client\actions\use-ability.ts", "TypeScript", 0, 0, 0, 26, 0, 0, 0, 0, 0, 0, 0, 0, 6, 32
"c:\dev\clashing_destiny_v2\packages\engine\src\client\client.ts", "TypeScript", 0, 0, 0, 321, 0, 0, 0, 0, 0, 0, 0, 8, 68, 397
"c:\dev\clashing_destiny_v2\packages\engine\src\client\controllers\fx-controller.ts", "TypeScript", 0, 0, 0, 52, 0, 0, 0, 0, 0, 0, 0, 1, 15, 68
"c:\dev\clashing_destiny_v2\packages\engine\src\client\controllers\state-controller.ts", "TypeScript", 0, 0, 0, 137, 0, 0, 0, 0, 0, 0, 0, 3, 20, 160
"c:\dev\clashing_destiny_v2\packages\engine\src\client\controllers\ui-controller.ts", "TypeScript", 0, 0, 0, 275, 0, 0, 0, 0, 0, 0, 0, 0, 54, 329
"c:\dev\clashing_destiny_v2\packages\engine\src\client\view-models\ability.model.ts", "TypeScript", 0, 0, 0, 52, 0, 0, 0, 0, 0, 0, 0, 0, 16, 68
"c:\dev\clashing_destiny_v2\packages\engine\src\client\view-models\card.model.ts", "TypeScript", 0, 0, 0, 317, 0, 0, 0, 0, 0, 0, 0, 0, 78, 395
"c:\dev\clashing_destiny_v2\packages\engine\src\client\view-models\modifier.model.ts", "TypeScript", 0, 0, 0, 46, 0, 0, 0, 0, 0, 0, 0, 0, 14, 60
"c:\dev\clashing_destiny_v2\packages\engine\src\client\view-models\player.model.ts", "TypeScript", 0, 0, 0, 73, 0, 0, 0, 0, 0, 0, 0, 0, 20, 93
"c:\dev\clashing_destiny_v2\packages\engine\src\config.ts", "TypeScript", 0, 0, 0, 40, 0, 0, 0, 0, 0, 0, 0, 0, 16, 56
"c:\dev\clashing_destiny_v2\packages\engine\src\entity.ts", "TypeScript", 0, 0, 0, 43, 0, 0, 0, 0, 0, 0, 0, 2, 12, 57
"c:\dev\clashing_destiny_v2\packages\engine\src\game\effect-chain.ts", "TypeScript", 0, 0, 0, 294, 0, 0, 0, 0, 0, 0, 0, 1, 33, 328
"c:\dev\clashing_destiny_v2\packages\engine\src\game\game-error.ts", "TypeScript", 0, 0, 0, 11, 0, 0, 0, 0, 0, 0, 0, 0, 2, 13
"c:\dev\clashing_destiny_v2\packages\engine\src\game\game.enums.ts", "TypeScript", 0, 0, 0, 22, 0, 0, 0, 0, 0, 0, 0, 1, 4, 27
"c:\dev\clashing_destiny_v2\packages\engine\src\game\game.events.ts", "TypeScript", 0, 0, 0, 148, 0, 0, 0, 0, 0, 0, 0, 0, 12, 160
"c:\dev\clashing_destiny_v2\packages\engine\src\game\game.ts", "TypeScript", 0, 0, 0, 136, 0, 0, 0, 0, 0, 0, 0, 49, 49, 234
"c:\dev\clashing_destiny_v2\packages\engine\src\game\interactions\choosing-affinity.interaction.ts", "TypeScript", 0, 0, 0, 53, 0, 0, 0, 0, 0, 0, 0, 0, 12, 65
"c:\dev\clashing_destiny_v2\packages\engine\src\game\interactions\choosing-cards.interaction.ts", "TypeScript", 0, 0, 0, 66, 0, 0, 0, 0, 0, 0, 0, 0, 15, 81
"c:\dev\clashing_destiny_v2\packages\engine\src\game\interactions\idle.interaction.ts", "TypeScript", 0, 0, 0, 12, 0, 0, 0, 0, 0, 0, 0, 0, 3, 15
"c:\dev\clashing_destiny_v2\packages\engine\src\game\interactions\play-card.interaction.ts", "TypeScript", 0, 0, 0, 66, 0, 0, 0, 0, 0, 0, 0, 0, 11, 77
"c:\dev\clashing_destiny_v2\packages\engine\src\game\interactions\selecting-cards-on-board.interaction.ts", "TypeScript", 0, 0, 0, 77, 0, 0, 0, 0, 0, 0, 0, 0, 14, 91
"c:\dev\clashing_destiny_v2\packages\engine\src\game\interactions\selecting-minion-slots.interaction.ts", "TypeScript", 0, 0, 0, 111, 0, 0, 0, 0, 0, 0, 0, 0, 18, 129
"c:\dev\clashing_destiny_v2\packages\engine\src\game\interactions\use-ability.interaction.ts", "TypeScript", 0, 0, 0, 52, 0, 0, 0, 0, 0, 0, 0, 0, 11, 63
"c:\dev\clashing_destiny_v2\packages\engine\src\game\phases\combat.phase.ts", "TypeScript", 0, 0, 0, 324, 0, 0, 0, 0, 0, 0, 0, 1, 49, 374
"c:\dev\clashing_destiny_v2\packages\engine\src\game\phases\draw.phase.ts", "TypeScript", 0, 0, 0, 37, 0, 0, 0, 0, 0, 0, 0, 0, 9, 46
"c:\dev\clashing_destiny_v2\packages\engine\src\game\phases\end.phase.ts", "TypeScript", 0, 0, 0, 13, 0, 0, 0, 0, 0, 0, 0, 0, 5, 18
"c:\dev\clashing_destiny_v2\packages\engine\src\game\phases\game-end.phase.ts", "TypeScript", 0, 0, 0, 11, 0, 0, 0, 0, 0, 0, 0, 0, 5, 16
"c:\dev\clashing_destiny_v2\packages\engine\src\game\phases\game-phase.ts", "TypeScript", 0, 0, 0, 5, 0, 0, 0, 0, 0, 0, 0, 0, 2, 7
"c:\dev\clashing_destiny_v2\packages\engine\src\game\phases\main.phase.ts", "TypeScript", 0, 0, 0, 17, 0, 0, 0, 0, 0, 0, 0, 0, 6, 23
"c:\dev\clashing_destiny_v2\packages\engine\src\game\systems\effect-chain.system.ts", "TypeScript", 0, 0, 0, 43, 0, 0, 0, 0, 0, 0, 0, 0, 11, 54
"c:\dev\clashing_destiny_v2\packages\engine\src\game\systems\game-interaction.system.ts", "TypeScript", 0, 0, 0, 354, 0, 0, 0, 0, 0, 0, 0, 0, 35, 389
"c:\dev\clashing_destiny_v2\packages\engine\src\game\systems\game-phase.system.ts", "TypeScript", 0, 0, 0, 260, 0, 0, 0, 0, 0, 0, 0, 0, 29, 289
"c:\dev\clashing_destiny_v2\packages\engine\src\game\systems\game-snapshot.system.ts", "TypeScript", 0, 0, 0, 390, 0, 0, 0, 0, 0, 0, 0, 2, 50, 442
"c:\dev\clashing_destiny_v2\packages\engine\src\game\systems\turn.system.ts", "TypeScript", 0, 0, 0, 101, 0, 0, 0, 0, 0, 0, 0, 3, 20, 124
"c:\dev\clashing_destiny_v2\packages\engine\src\index.ts", "TypeScript", 0, 0, 0, 1, 0, 0, 0, 0, 0, 0, 0, 0, 1, 2
"c:\dev\clashing_destiny_v2\packages\engine\src\input\input-errors.ts", "TypeScript", 0, 0, 0, 167, 0, 0, 0, 0, 0, 0, 0, 0, 34, 201
"c:\dev\clashing_destiny_v2\packages\engine\src\input\input-simulator.ts", "TypeScript", 0, 0, 0, 36, 0, 0, 0, 0, 0, 0, 0, 0, 7, 43
"c:\dev\clashing_destiny_v2\packages\engine\src\input\input-system.ts", "TypeScript", 0, 0, 0, 217, 0, 0, 0, 0, 0, 0, 0, 7, 38, 262
"c:\dev\clashing_destiny_v2\packages\engine\src\input\input.ts", "TypeScript", 0, 0, 0, 52, 0, 0, 0, 0, 0, 0, 0, 0, 17, 69
"c:\dev\clashing_destiny_v2\packages\engine\src\input\inputs\cancel-play-card.input.ts", "TypeScript", 0, 0, 0, 14, 0, 0, 0, 0, 0, 0, 0, 0, 7, 21
"c:\dev\clashing_destiny_v2\packages\engine\src\input\inputs\cancel-use-ability.input.ts", "TypeScript", 0, 0, 0, 14, 0, 0, 0, 0, 0, 0, 0, 0, 7, 21
"c:\dev\clashing_destiny_v2\packages\engine\src\input\inputs\choose-affinity.input.ts", "TypeScript", 0, 0, 0, 18, 0, 0, 0, 0, 0, 0, 0, 0, 7, 25
"c:\dev\clashing_destiny_v2\packages\engine\src\input\inputs\choose-cards.input.ts", "TypeScript", 0, 0, 0, 17, 0, 0, 0, 0, 0, 0, 0, 0, 7, 24
"c:\dev\clashing_destiny_v2\packages\engine\src\input\inputs\commit-card-selection.input.ts", "TypeScript", 0, 0, 0, 16, 0, 0, 0, 0, 0, 0, 0, 0, 7, 23
"c:\dev\clashing_destiny_v2\packages\engine\src\input\inputs\commit-minion-slot-selection.input.ts", "TypeScript", 0, 0, 0, 14, 0, 0, 0, 0, 0, 0, 0, 0, 7, 21
"c:\dev\clashing_destiny_v2\packages\engine\src\input\inputs\commit-play-card.ts", "TypeScript", 0, 0, 0, 17, 0, 0, 0, 0, 0, 0, 0, 0, 7, 24
"c:\dev\clashing_destiny_v2\packages\engine\src\input\inputs\commit-use-ability.input.ts", "TypeScript", 0, 0, 0, 17, 0, 0, 0, 0, 0, 0, 0, 0, 6, 23
"c:\dev\clashing_destiny_v2\packages\engine\src\input\inputs\declare-attack-target.input.ts", "TypeScript", 0, 0, 0, 30, 0, 0, 0, 0, 0, 0, 0, 0, 8, 38
"c:\dev\clashing_destiny_v2\packages\engine\src\input\inputs\declare-attack.input.ts", "TypeScript", 0, 0, 0, 34, 0, 0, 0, 0, 0, 0, 0, 0, 8, 42
"c:\dev\clashing_destiny_v2\packages\engine\src\input\inputs\declare-counterattack.input.ts", "TypeScript", 0, 0, 0, 29, 0, 0, 0, 0, 0, 0, 0, 0, 8, 37
"c:\dev\clashing_destiny_v2\packages\engine\src\input\inputs\declare-play-card.input.ts", "TypeScript", 0, 0, 0, 25, 0, 0, 0, 0, 0, 0, 0, 0, 7, 32
"c:\dev\clashing_destiny_v2\packages\engine\src\input\inputs\declare-use-card-ability.input.ts", "TypeScript", 0, 0, 0, 49, 0, 0, 0, 0, 0, 0, 0, 0, 10, 59
"c:\dev\clashing_destiny_v2\packages\engine\src\input\inputs\pass.input.ts", "TypeScript", 0, 0, 0, 22, 0, 0, 0, 0, 0, 0, 0, 0, 6, 28
"c:\dev\clashing_destiny_v2\packages\engine\src\input\inputs\select-card-on-board.input.ts", "TypeScript", 0, 0, 0, 23, 0, 0, 0, 0, 0, 0, 0, 0, 7, 30
"c:\dev\clashing_destiny_v2\packages\engine\src\input\inputs\select-minion-slot.input.ts", "TypeScript", 0, 0, 0, 31, 0, 0, 0, 0, 0, 0, 0, 0, 7, 38
"c:\dev\clashing_destiny_v2\packages\engine\src\matchmaking\matchmaking-runner.ts", "TypeScript", 0, 0, 0, 64, 0, 0, 0, 0, 0, 0, 0, 0, 18, 82
"c:\dev\clashing_destiny_v2\packages\engine\src\matchmaking\matchmaking.ts", "TypeScript", 0, 0, 0, 139, 0, 0, 0, 0, 0, 0, 0, 0, 34, 173
"c:\dev\clashing_destiny_v2\packages\engine\src\matchmaking\strategies\mmr.strategy.ts", "TypeScript", 0, 0, 0, 215, 0, 0, 0, 0, 0, 0, 0, 10, 38, 263
"c:\dev\clashing_destiny_v2\packages\engine\src\modifier\mixins\aura.mixin.ts", "TypeScript", 0, 0, 0, 59, 0, 0, 0, 0, 0, 0, 0, 4, 18, 81
"c:\dev\clashing_destiny_v2\packages\engine\src\modifier\mixins\duration.mixin.ts", "TypeScript", 0, 0, 0, 33, 0, 0, 0, 0, 0, 0, 0, 0, 7, 40
"c:\dev\clashing_destiny_v2\packages\engine\src\modifier\mixins\game-event.mixin.ts", "TypeScript", 0, 0, 0, 43, 0, 0, 0, 0, 0, 0, 0, 1, 7, 51
"c:\dev\clashing_destiny_v2\packages\engine\src\modifier\mixins\grant-ability.mixin.ts", "TypeScript", 0, 0, 0, 28, 0, 0, 0, 0, 0, 0, 0, 0, 7, 35
"c:\dev\clashing_destiny_v2\packages\engine\src\modifier\mixins\interceptor.mixin.ts", "TypeScript", 0, 0, 0, 86, 0, 0, 0, 0, 0, 0, 0, 2, 12, 100
"c:\dev\clashing_destiny_v2\packages\engine\src\modifier\mixins\keyword.mixin.ts", "TypeScript", 0, 0, 0, 19, 0, 0, 0, 0, 0, 0, 0, 0, 5, 24
"c:\dev\clashing_destiny_v2\packages\engine\src\modifier\mixins\on-enter.mixin.ts", "TypeScript", 0, 0, 0, 71, 0, 0, 0, 0, 0, 0, 0, 0, 8, 79
"c:\dev\clashing_destiny_v2\packages\engine\src\modifier\mixins\remove-on-destroyed.ts", "TypeScript", 0, 0, 0, 27, 0, 0, 0, 0, 0, 0, 0, 0, 8, 35
"c:\dev\clashing_destiny_v2\packages\engine\src\modifier\mixins\togglable.mixin.ts", "TypeScript", 0, 0, 0, 27, 0, 0, 0, 0, 0, 0, 0, 2, 8, 37
"c:\dev\clashing_destiny_v2\packages\engine\src\modifier\mixins\until-end-of-turn.mixin.ts", "TypeScript", 0, 0, 0, 23, 0, 0, 0, 0, 0, 0, 0, 0, 7, 30
"c:\dev\clashing_destiny_v2\packages\engine\src\modifier\mixins\until-start-of-next-own-turn.mixin.ts", "TypeScript", 0, 0, 0, 28, 0, 0, 0, 0, 0, 0, 0, 0, 7, 35
"c:\dev\clashing_destiny_v2\packages\engine\src\modifier\modifier-manager.component.ts", "TypeScript", 0, 0, 0, 64, 0, 0, 0, 0, 0, 0, 0, 0, 10, 74
"c:\dev\clashing_destiny_v2\packages\engine\src\modifier\modifier-mixin.ts", "TypeScript", 0, 0, 0, 16, 0, 0, 0, 0, 0, 0, 0, 0, 4, 20
"c:\dev\clashing_destiny_v2\packages\engine\src\modifier\modifier.entity.ts", "TypeScript", 0, 0, 0, 244, 0, 0, 0, 0, 0, 0, 0, 0, 38, 282
"c:\dev\clashing_destiny_v2\packages\engine\src\modifier\modifiers\burn.modifier.ts", "TypeScript", 0, 0, 0, 33, 0, 0, 0, 0, 0, 0, 0, 0, 2, 35
"c:\dev\clashing_destiny_v2\packages\engine\src\modifier\modifiers\double-attack.modifier.ts", "TypeScript", 0, 0, 0, 44, 0, 0, 0, 0, 0, 0, 0, 0, 5, 49
"c:\dev\clashing_destiny_v2\packages\engine\src\modifier\modifiers\echoed-destiny.modifier.ts", "TypeScript", 0, 0, 0, 41, 0, 0, 0, 0, 0, 0, 0, 1, 2, 44
"c:\dev\clashing_destiny_v2\packages\engine\src\modifier\modifiers\elusive.modiier.ts", "TypeScript", 0, 0, 0, 40, 0, 0, 0, 0, 0, 0, 0, 0, 4, 44
"c:\dev\clashing_destiny_v2\packages\engine\src\modifier\modifiers\ember.modifier.ts", "TypeScript", 0, 0, 0, 16, 0, 0, 0, 0, 0, 0, 0, 0, 2, 18
"c:\dev\clashing_destiny_v2\packages\engine\src\modifier\modifiers\fleeting.modifier.ts", "TypeScript", 0, 0, 0, 35, 0, 0, 0, 0, 0, 0, 0, 0, 2, 37
"c:\dev\clashing_destiny_v2\packages\engine\src\modifier\modifiers\hero-intercept.modifier.ts", "TypeScript", 0, 0, 0, 51, 0, 0, 0, 0, 0, 0, 0, 0, 3, 54
"c:\dev\clashing_destiny_v2\packages\engine\src\modifier\modifiers\hero-job-affinity.modifier.ts", "TypeScript", 0, 0, 0, 25, 0, 0, 0, 0, 0, 0, 0, 0, 3, 28
"c:\dev\clashing_destiny_v2\packages\engine\src\modifier\modifiers\intercept.modifier.ts", "TypeScript", 0, 0, 0, 59, 0, 0, 0, 0, 0, 0, 0, 0, 5, 64
"c:\dev\clashing_destiny_v2\packages\engine\src\modifier\modifiers\intimidate.modifier.ts", "TypeScript", 0, 0, 0, 36, 0, 0, 0, 0, 0, 0, 0, 0, 2, 38
"c:\dev\clashing_destiny_v2\packages\engine\src\modifier\modifiers\level-bonus.modifier.ts", "TypeScript", 0, 0, 0, 24, 0, 0, 0, 0, 0, 0, 0, 0, 3, 27
"c:\dev\clashing_destiny_v2\packages\engine\src\modifier\modifiers\lineage-bonus.modifier.ts", "TypeScript", 0, 0, 0, 23, 0, 0, 0, 0, 0, 0, 0, 0, 3, 26
"c:\dev\clashing_destiny_v2\packages\engine\src\modifier\modifiers\on-attack.ts", "TypeScript", 0, 0, 0, 36, 0, 0, 0, 0, 0, 0, 0, 0, 3, 39
"c:\dev\clashing_destiny_v2\packages\engine\src\modifier\modifiers\on-death.modifier.ts", "TypeScript", 0, 0, 0, 57, 0, 0, 0, 0, 0, 0, 0, 0, 3, 60
"c:\dev\clashing_destiny_v2\packages\engine\src\modifier\modifiers\on-enter.modifier.ts", "TypeScript", 0, 0, 0, 38, 0, 0, 0, 0, 0, 0, 0, 0, 2, 40
"c:\dev\clashing_destiny_v2\packages\engine\src\modifier\modifiers\on-hit.modifier.ts", "TypeScript", 0, 0, 0, 45, 0, 0, 0, 0, 0, 0, 0, 0, 3, 48
"c:\dev\clashing_destiny_v2\packages\engine\src\modifier\modifiers\on-kill.modifier.ts", "TypeScript", 0, 0, 0, 46, 0, 0, 0, 0, 0, 0, 0, 0, 3, 49
"c:\dev\clashing_destiny_v2\packages\engine\src\modifier\modifiers\percing.modifier.ts", "TypeScript", 0, 0, 0, 38, 0, 0, 0, 0, 0, 0, 0, 0, 2, 40
"c:\dev\clashing_destiny_v2\packages\engine\src\modifier\modifiers\ranged.modifier.ts", "TypeScript", 0, 0, 0, 48, 0, 0, 0, 0, 0, 0, 0, 0, 2, 50
"c:\dev\clashing_destiny_v2\packages\engine\src\modifier\modifiers\simple-attack-buff.modifier.ts", "TypeScript", 0, 0, 0, 39, 0, 0, 0, 0, 0, 0, 0, 0, 2, 41
"c:\dev\clashing_destiny_v2\packages\engine\src\modifier\modifiers\simple-health-buff.modifier.ts", "TypeScript", 0, 0, 0, 38, 0, 0, 0, 0, 0, 0, 0, 0, 2, 40
"c:\dev\clashing_destiny_v2\packages\engine\src\modifier\modifiers\simple-manacost-modifier.ts", "TypeScript", 0, 0, 0, 31, 0, 0, 0, 0, 0, 0, 0, 0, 3, 34
"c:\dev\clashing_destiny_v2\packages\engine\src\modifier\modifiers\simple-minion-stats.modifier.ts", "TypeScript", 0, 0, 0, 45, 0, 0, 0, 0, 0, 0, 0, 0, 2, 47
"c:\dev\clashing_destiny_v2\packages\engine\src\modifier\modifiers\simple-spellpower.buff.modifier.ts", "TypeScript", 0, 0, 0, 34, 0, 0, 0, 0, 0, 0, 0, 0, 2, 36
"c:\dev\clashing_destiny_v2\packages\engine\src\modifier\modifiers\spell-school-affinity.modifier.ts", "TypeScript", 0, 0, 0, 25, 0, 0, 0, 0, 0, 0, 0, 0, 3, 28
"c:\dev\clashing_destiny_v2\packages\engine\src\modifier\modifiers\stealth.modifier.ts", "TypeScript", 0, 0, 0, 30, 0, 0, 0, 0, 0, 0, 0, 0, 2, 32
"c:\dev\clashing_destiny_v2\packages\engine\src\modifier\modifiers\summoning-sickness.ts", "TypeScript", 0, 0, 0, 30, 0, 0, 0, 0, 0, 0, 0, 0, 2, 32
"c:\dev\clashing_destiny_v2\packages\engine\src\modifier\modifiers\trap.modifier.ts", "TypeScript", 0, 0, 0, 39, 0, 0, 0, 0, 0, 0, 0, 4, 2, 45
"c:\dev\clashing_destiny_v2\packages\engine\src\modifier\modifiers\unique.modifier.ts", "TypeScript", 0, 0, 0, 28, 0, 0, 0, 0, 0, 0, 0, 1, 3, 32
"c:\dev\clashing_destiny_v2\packages\engine\src\modifier\modifiers\vigilant.modifier.ts", "TypeScript", 0, 0, 0, 35, 0, 0, 0, 0, 0, 0, 0, 0, 3, 38
"c:\dev\clashing_destiny_v2\packages\engine\src\modifier\modifiers\while-on-board.modifier.ts", "TypeScript", 0, 0, 0, 46, 0, 0, 0, 0, 0, 0, 0, 0, 5, 51
"c:\dev\clashing_destiny_v2\packages\engine\src\player\components\artifact-manager.component.ts", "TypeScript", 0, 0, 0, 32, 0, 0, 0, 0, 0, 0, 0, 0, 9, 41
"c:\dev\clashing_destiny_v2\packages\engine\src\player\components\cards-tracker.component.ts", "TypeScript", 0, 0, 0, 71, 0, 0, 0, 0, 0, 0, 0, 0, 10, 81
"c:\dev\clashing_destiny_v2\packages\engine\src\player\player.entity.ts", "TypeScript", 0, 0, 0, 251, 0, 0, 0, 0, 0, 0, 0, 0, 43, 294
"c:\dev\clashing_destiny_v2\packages\engine\src\player\player.enums.ts", "TypeScript", 0, 0, 0, 9, 0, 0, 0, 0, 0, 0, 0, 0, 2, 11
"c:\dev\clashing_destiny_v2\packages\engine\src\player\player.events.ts", "TypeScript", 0, 0, 0, 46, 0, 0, 0, 0, 0, 0, 0, 0, 5, 51
"c:\dev\clashing_destiny_v2\packages\engine\src\player\player.system.ts", "TypeScript", 0, 0, 0, 28, 0, 0, 0, 0, 0, 0, 0, 0, 10, 38
"c:\dev\clashing_destiny_v2\packages\engine\src\rng\rng.system.ts", "TypeScript", 0, 0, 0, 22, 0, 0, 0, 0, 0, 0, 0, 1, 8, 31
"c:\dev\clashing_destiny_v2\packages\engine\src\system.ts", "TypeScript", 0, 0, 0, 7, 0, 0, 0, 0, 0, 0, 0, 0, 4, 11
"c:\dev\clashing_destiny_v2\packages\engine\src\tutorial\tutorial.ts", "TypeScript", 0, 0, 0, 72, 0, 0, 0, 0, 0, 0, 0, 0, 13, 85
"c:\dev\clashing_destiny_v2\packages\engine\src\utils\damage.ts", "TypeScript", 0, 0, 0, 48, 0, 0, 0, 0, 0, 0, 0, 0, 14, 62
"c:\dev\clashing_destiny_v2\packages\engine\src\utils\interceptable.ts", "TypeScript", 0, 0, 0, 30, 0, 0, 0, 0, 0, 0, 0, 0, 11, 41
"c:\dev\clashing_destiny_v2\packages\engine\src\utils\typed-emitter.ts", "TypeScript", 0, 0, 0, 161, 0, 0, 0, 0, 0, 0, 0, 11, 30, 202
"c:\dev\clashing_destiny_v2\packages\engine\src\utils\utils.ts", "TypeScript", 0, 0, 0, 7, 0, 0, 0, 0, 0, 0, 0, 0, 1, 8
"c:\dev\clashing_destiny_v2\packages\engine\tsconfig.json", "JSON with Comments", 0, 0, 13, 0, 0, 0, 0, 0, 0, 0, 0, 0, 1, 14
"c:\dev\clashing_destiny_v2\packages\engine\vitest.config.ts", "TypeScript", 0, 0, 0, 9, 0, 0, 0, 0, 0, 0, 0, 1, 2, 12
"c:\dev\clashing_destiny_v2\packages\shared\.eslintrc.cjs", "JavaScript", 0, 0, 0, 0, 4, 0, 0, 0, 0, 0, 0, 0, 1, 5
"c:\dev\clashing_destiny_v2\packages\shared\.prettierignore", "Ignore", 0, 0, 0, 0, 0, 3, 0, 0, 0, 0, 0, 0, 0, 3
"c:\dev\clashing_destiny_v2\packages\shared\.prettierrc", "JSON", 8, 0, 0, 0, 0, 0, 0, 0, 0, 0, 0, 0, 1, 9
"c:\dev\clashing_destiny_v2\packages\shared\README.md", "Markdown", 0, 1, 0, 0, 0, 0, 0, 0, 0, 0, 0, 0, 1, 2
"c:\dev\clashing_destiny_v2\packages\shared\package.json", "JSON", 18, 0, 0, 0, 0, 0, 0, 0, 0, 0, 0, 0, 0, 18
"c:\dev\clashing_destiny_v2\packages\shared\src\index.ts", "TypeScript", 0, 0, 0, 11, 0, 0, 0, 0, 0, 0, 0, 0, 2, 13
"c:\dev\clashing_destiny_v2\packages\shared\src\types\brand.ts", "TypeScript", 0, 0, 0, 3, 0, 0, 0, 0, 0, 0, 0, 0, 2, 5
"c:\dev\clashing_destiny_v2\packages\shared\src\types\geometry.ts", "TypeScript", 0, 0, 0, 12, 0, 0, 0, 0, 0, 0, 0, 0, 1, 13
"c:\dev\clashing_destiny_v2\packages\shared\src\types\utils.ts", "TypeScript", 0, 0, 0, 92, 0, 0, 0, 0, 0, 0, 0, 7, 11, 110
"c:\dev\clashing_destiny_v2\packages\shared\src\utils\assertions.ts", "TypeScript", 0, 0, 0, 22, 0, 0, 0, 0, 0, 0, 0, 1, 10, 33
"c:\dev\clashing_destiny_v2\packages\shared\src\utils\constants.ts", "TypeScript", 0, 0, 0, 6, 0, 0, 0, 0, 0, 0, 0, 0, 3, 9
"c:\dev\clashing_destiny_v2\packages\shared\src\utils\geometry.ts", "TypeScript", 0, 0, 0, 43, 0, 0, 0, 0, 0, 0, 0, 0, 8, 51
"c:\dev\clashing_destiny_v2\packages\shared\src\utils\helpers.ts", "TypeScript", 0, 0, 0, 64, 0, 0, 0, 0, 0, 0, 0, 1, 18, 83
"c:\dev\clashing_destiny_v2\packages\shared\src\utils\math.ts", "TypeScript", 0, 0, 0, 49, 0, 0, 0, 0, 0, 0, 0, 0, 15, 64
"c:\dev\clashing_destiny_v2\packages\shared\src\utils\state-machine.ts", "TypeScript", 0, 0, 0, 92, 0, 0, 0, 0, 0, 0, 0, 6, 16, 114
"c:\dev\clashing_destiny_v2\packages\shared\src\utils\vec2.ts", "TypeScript", 0, 0, 0, 105, 0, 0, 0, 0, 0, 0, 0, 1, 29, 135
"c:\dev\clashing_destiny_v2\packages\shared\src\utils\vec3.ts", "TypeScript", 0, 0, 0, 71, 0, 0, 0, 0, 0, 0, 0, 0, 22, 93
"c:\dev\clashing_destiny_v2\packages\shared\tsconfig.json", "JSON with Comments", 0, 0, 5, 0, 0, 0, 0, 0, 0, 0, 0, 0, 1, 6
"c:\dev\clashing_destiny_v2\prototype\DESIGN_DOC.md", "Markdown", 0, 71, 0, 0, 0, 0, 0, 0, 0, 0, 0, 0, 30, 101
"c:\dev\clashing_destiny_v2\prototype\SUMMARY.md", "Markdown", 0, 11, 0, 0, 0, 0, 0, 0, 0, 0, 0, 0, 1, 12
"c:\dev\clashing_destiny_v2\prototype\matchmaking.ts", "TypeScript", 0, 0, 0, 134, 0, 0, 0, 0, 0, 0, 0, 0, 36, 170
"c:\dev\clashing_destiny_v2\turbo.json", "JSON", 16, 0, 0, 0, 0, 0, 0, 0, 0, 0, 0, 0, 1, 17
"Total", "-", 24546, 536, 48, 20289, 388, 12, 16, 16, 7118, 617, 2, 1432, 4646, 59666